report_name,category,stock_name,title,firm_name,link,texts,article_published_at,created_at,latest_scraped_at,original_id
채권분석,,,10/27 Kiwoom Fixed Income Weekly Review,키움증권,https://finance.naver.com/research/debenture_read.naver?nid=9982&page=1,"지난주 동향 지난주 국내 채권시장은 약세 마감했다. 한국은행 금통위에서의 금리 동결, KOSPI 사상 최고치 경신 랠리 등에 따른 위험 자산 선호 등이 영향을 미치면서 시장 약세 요인으로 작용했다. 국고 3 년물은 전주 대비 4.0bp 상승한 2.580%, 국고 10 년물은 3.8bp 상승한 2.910%에 거래 마감했으며, 국고 3-10 년 스프레드는 33.0bp 로 전주 대비 보합 수준으로 마감했다. 국고채 금리는 주 초반부터 상승 압력을 받았다. 한국은행 금융통화위원회 전 국정감사가 이뤄지는 가운데, 부동산 시장 과열 인식 등에 따라 한국은행의 금리 동결 가능성이 높게 평가된 점이 금리 상승 요인으로 작용했다. 미 연준의 금리 인하 기대는 기정사실화되어 있으나, 최근 수도권 중심의 부동산 가격 상승 압력과 10.15 부동산 규제 정책 효과에 대한 경계감 등에 한국은행의 금리 동결 가능성이 높게 평가된 것이다. 뿐만 아니라 KOSPI 지수가 사상 최고치 경신을 지속하면서 주 후반 들어서는 3,950 선에 근접하여 거래 마감된 점 등 위험자산 선호가 강화된 점 또한 시장금리 상승 요인으로 작용했다. 반도체 중심의 수출 개선 등에 따라 상승세를 이어 나가는 점 등 또한 한국은행의 금리 인하 기대를 다소 약화시키는 요인으로 작용한 것으로 판단한다. 한편 한국은행은 기준금리를 2.50%에 동결하기로 결정했다. 신성환 위원이 금리 인하를 주장하는 소수의견을 제시했으나, 3 개월 내 인하 가능성을 주장한 위원이 지난 회의 5 명에서 4 명으로 축소되었으며, 부동산 가격 상승과 이에 따른 가계대출 증가 우려 등 금융안정에 중점을 둔 정책 결정이었다. 일부 11 월 인하 기대가 남아있기도 하나, 점차 인하 속도가 더뎌질 것이라는 점이 시장 약세 요인으로 작용했다. rfBW626.pdf",25.10.27,2025-10-27 21:57:58,2025-10-27 21:57:58,9982
채권분석,,,10월 FOMC Preview: 변수는 없을 것,키움증권,https://finance.naver.com/research/debenture_read.naver?nid=9983&page=1,"미 연준 10 월 FOMC 는 정책금리를 3.75~4.00%로 인하할 것으로 전망한다. 지난 9 월 FOMC 의 금리 인하 트리거가 미국 고용 둔화였던 가운데, 최근에는 미국 정부 셧다운에 따라 고용 시장 지표 확인이 지연되고 있다. 그럼에도 관세 정책에 따른 수요 둔화 우려 등이 상존하는 상황에서 미 연준은 금리 인하를 단행할 것으로 예상한다. 최근 발표된 미국 물가를 통해서도 수요 둔화 흐름을 확인하고 있다. 관세 정책으로 인해 일부 상품 물가가 상승 압력을 받고 있는 것으로 나타나나, 주거비 등 서비스 물가 둔화 추세가 이어지고 있다. 헤드라인 물가는 재차 3%대로 반등하면서 소폭 상승 압력을 보이고 있으나, 근원물가는 둔화하고 있다는 점, 이는 대부분 주거비 등 서비스업 물가 둔화에서 나타나고 있다는 점 등을 반영하면, 미국 수요가 완만히 둔화되고 있는 것을 확인할 수 있다. 이러한 상황을 고려할 때 최근 나타난 미국 고용 둔화 흐름도 크게 변화하지 않은 것으로 추정할 수 있으며, 미 연준의 추세적 금리 인하 기조는 이어질 것으로 전망한다. 따라서 이번 회의 결정에 변수는 없을 것으로 판단한다. 물론 최근 미중 무역 갈등이 재부각되고 있으나, 이로 인한 물가 상방 리스크 보다는 수요 둔화 우려가 좀더 높은 상황인 것으로 판단된다. 더 나아가 미중 무역갈등 속에 협상 결렬이라는 최악의 상황이 예상되지는 않는다는 점 또한 금리 인하 결정을 유보시킬만한 외부 요인이 있는 것은 아니라고 판단한다. 즉, 12 월까지도 금리 인하를 하는 경로에 대해 큰 이변은 없을 것으로 전망한다. 시장도 이미 내년에도 2 회 추가 인하 기대를 반영하고 있는 상황이며, 10 월 회의에서 이와 같은 시장 기대를 변화시킬 큰 이벤트는 제공되지 않을 것으로 본다. 한편, 10 월 회의에서 QT 종료 언급을 할 가능성이 높게 평가되고 있다. 역레포 잔고 감소에 따라 시중 유동성 경색 우려가 부각되고 있는만큼 QT 종료 시행을 10 월 혹은 12 월 FOMC 에서 언급할 가능성이 거론되고 있다. 이는 장기채 수급에 대해 우호적으로 영향을 미칠 것으로 예상하며, 결국 장기금리 변동성을 낮추는 요인이 될 것이다. 그간 미 재무부의 국채 발행 확대 우려 등에 따라 높아졌던 기간 프리미엄이 미국채 수요 개선 효과 등으로 낮아질 것으로 예상한다. 미국 은행들에 대한 SLR 규제 완화까지 더해질 경우 미국채 수급에 따른 시장금리 변동성이 완화될 것으로 기대하며, 따라서 이는 미국 장기금리 상단을 낮아지게 만드는 효과를 불러올 것으로 예상한다. 미 연준의 추세적인 금리 인하가 이어질 것으로 예상하며, 수급 개선까지 이어지면서 미국채 10 년물 금리는 연말까지 3.75~4.20%의 좁은 박스권에서 등락을 보일 것으로 예상한다. rfIA839.pdf",25.10.27,2025-10-27 21:57:58,2025-10-27 21:57:58,9983
채권분석,,,Eugenes FICC Update,유진투자증권,https://finance.naver.com/research/debenture_read.naver?nid=9984&page=1,"국내 채권시장 동향 - 국내 채권시장, 장단기물 엇갈리며 혼조 마감. - 미국의 대러시아 제재로 인한 유가 급등, 미국 금리 상승 등으로 장 초반 국내 금리도 상승 출발했으나 상승폭 점차 반납. 전일 금통위로 인한 약세폭 되돌림 나타났음. - 통화당국이 시장상황점검회의를 열고 외환시장 변동에 대해 적기에 대응하겠다는 구두 개입도 영향. 그 외 특별한 재료 없는 가운데 외국인 매매에 연동되며 금리 보합권 마감. 20251027_B_jnkim0526_1014.pdf",25.10.27,2025-10-27 21:57:58,2025-10-27 21:57:58,9984
채권분석,,,채권 Daily (10.27),유안타증권,https://finance.naver.com/research/debenture_read.naver?nid=9985&page=1,"여천NCC, 주주사 대여금 출자전환 연내가 골든타임 - 여천NCC(A-/N)가 발행한 여러 채권이 크로스디폴트로 묶여 있기 때문에 하나라도 약정을 지키지 못하면 모든 채권에서 기한이익상실 사유가 발생 - 지난 7월 주주사에서 3000억원을 빌려 기존 차입금을 상환했으며 재무비율의 큰 변화는 없이 올 상반기 말 기준 부채비율 338% 기록 - 연말에 예정되어 있는 유무형자산 손상검사가 우려사항으로, 지속된 업황 둔화와 정부 주도의 구조조정이 본격화되면 일시적인 가동률 조정도 가능한 만큼 예측할 수 없는 상황 20251027071352167_0_ko.pdf",25.10.27,2025-10-27 21:57:58,2025-10-27 21:57:58,9985
채권분석,,,Daily Bond Morning Brief(2025.10.27),다올투자증권,https://finance.naver.com/research/debenture_read.naver?nid=9986&page=1,"전일 국내 채권 시장 요약 - 금리방향: 하락(3Y), 하락(10Y) - 일드커브: 스티프닝 - 스프레드(bp): 국5/3 13.0 (1.0) 국10/3: 33.0 (1.8) 국10/5: 20.0 (0.8) 국30/10: -10.0 (0.5) 20251027_B_jeongin_225.pdf",25.10.27,2025-10-27 21:57:58,2025-10-27 21:57:58,9986
채권분석,,,"한국 주택시장, 정말 과열인가",하나증권,https://finance.naver.com/research/debenture_read.naver?nid=9987&page=1,"자산 가격의 상승 ≠ 과열 10월 14일 이재명 “부동산 너무 과대평가… 일본처럼 될 가능성… 폭탄 돌리기…” 10월 20일 이창용 “주택시장이 9월 이후 서울을 중심으로 다시 과열 조짐…” 정부와 한은은 주택시장을 ‘과열’ 상태로 진단하고 이를 안정시키기 위한 정책(정부의 6, 9, 10월 부동산 대책 및 한은의 기준금리 동결)을 펼치고 있다. 정책 효과를 논하기 전에 근본적으로 주택시장이 과열인지부터 따져볼 필요가 있다. 자산 가격에 대한 평가를 내리려면 나름의 기준이 있어야 한다. 예를 들어 주가가 상승했다는 이유만으로 주식시장이 과열 혹은 버블이라고 평가할 수 없다. (1) 이익 등 펀더멘털 대비 비율(ex. PER), (2) 멀티플 리레이팅의 합리성, 그리고 (3) 투자자들의 레버리지 강도 등을 고려해야 한다. 올해 코스피의 상승률은 +64.3%다(10/24 기준). 이러한 급등에도 과열로 단정하기 어려운 이유는 (1) 이익 증가가 뒷받침되고 있고, (2) 주주친화 정책과 반도체 등 첨단 산업의 구조적 성장에 대한 기대와 같이 멀티플 확장의 근거가 합리적이며, (3) 신용잔고 비율 등에 비추어볼 때 레버리지도 특별히 과하지 않기 때문이다 [도표 1]. 251024_hanabond.pdf",25.10.27,2025-10-27 21:57:58,2025-10-27 21:57:58,9987
채권분석,,,[Readers’ Cut] QT의 마무리,한화투자증권,https://finance.naver.com/research/debenture_read.naver?nid=9988&page=1,"왜 종료하는가? 양적긴축(QT, Quantitative Tightening)은 유동성을 흡수하는 정책. 연준은 만기가 도래하는 채권의 재투자 중단을 통해 2022년 6월부터 QT를 시행. 금번 QT의 목표는 1) 초과유동성의 흡수와, 2) 적정(Ample) 수준까지 준비금을 줄이는 것. 약 3년 4개월 간 연준 자산은 8조 9,143억달러에서 6조 5,895억달러로 2조 3,255억달러 감소. 같은 기간 초과유동성인 역레포 잔고(RRP, Reverse Repurchase Agreements)는 1조 9,650억달러에서 40억달러로 사실상 소진. 3조 3,574억달러였던 준비금도 2조 9,296억달러까지 줄어들었음. GDP 대비 연준 자산, 준비금 비율은 2022년 각각 34.2%, 12.9%에서 현재(2025년 GDP는 IMF 전망치 기준)는 21.5%, 9.6%. 초과유동성은 무의미한 규모로 축소되었고, 준비금은 통상적인 ‘Ample Level’인 GDP 대비 10%를 하회, Waller 이사가 제시한 새로운 ‘Ample Level’인 9%에 근접. 두 가지 목표 모두 달성했거나 달성을 목전에 둔 상황 유동성이 실제로 ‘매우 풍부하지(Abundant)’ 않다는 시그널도 포착되기 시작. 유동성 환경은 1) 단기자금시장금리IORB 스프레드가 (+)로 전환되었음에도 단기자금거래량이 증가하고, 2) 연준의 최종 대부자 시스템이 가동될 경우 특이 사항이 생겼다고(더 이상 매우 풍부하지 않다고) 판단 가능. 단기자금시장금리 스프레드는 분기말을 제외하면 (-)에 머무는 것이 일반적이나 2025년 10월 평균 스프레드는 +3.9bp(8월: -5.4bp → 9월: +0.5bp). 레포시장 거래량도 증가세. 대규모는 아니지만 긴급 자금 수요도 간헐적으로 발생(8~10월 SRF 이용 실적: 2.7억달러 → 66.2억달러 → 14.8억달러) 연준의 유동성 공급 태도 역시 금융시장에 중립적으로 변화 중. 준비금을 제외한 연준 전체 자산을 유동성의 공급과 흡수 성격으로 나눈 값은 1.79배. 2008년 ‘Floor System’ 도입 이후 동 배율의 평균값은 1.95배. 보통 2.00배에 근접했을 때는 금융시장 변동성이 낮게, 1.50배 부근에서는 변동성이 확대되는 경향. 9월 말 재무부가 TGA를 목표수준까지 채운 이후에도 배율은 계속해서 하락 중 QT는 목표를 거의 달성했고, 시장에도 더 이상 유동성이 ‘매우 풍부하지(Abundant)’ 않음이 드러나며, 연준의 자산도 더 이상 유동성을 강력하게 공급하지 않는 수준에 도달했기 때문에 지금은 양적긴축 정책을 마무리해야 할 시점 Readers Cut[202101053_513_A2_2].pdf",25.10.27,2025-10-27 21:57:58,2025-10-27 21:57:58,9988
채권분석,,,[FI Weekly] FOMC 프리뷰: 기준금리 인하 QT 종료 시..,한화투자증권,https://finance.naver.com/research/debenture_read.naver?nid=9989&page=1,"연내 미국 기준금리 전망 변경 연내 미국 기준금리 전망(12월 1회 인하, 연말 기준금리 4.00%), 연내 2회 인하로 변경(10, 12월 2회 인하, 연말 기준금리 3.75%). 셧다운으로 확실한 지표를 확인할 길은 없음. 그러나 대략적인 방향을 아는 상황이라면 GPS가 고장 났더라도 멈추는 것보다 일단은 계속해서 가는 것이 안전한 선택 FI Weekly[202101053_512_A2_1].pdf",25.10.27,2025-10-27 21:57:58,2025-10-27 21:57:58,9989
경제분석,,,신한 FX Check-up,신한투자증권,https://finance.naver.com/research/economy_read.naver?nid=12566&page=1,"달러 강보합에도 원화 약세 부각 속 1,430원대 - 달러화지수 98pt대 강보합권 등락. 주요 지표 발표 부재 속 전주 불거졌던 지역은행 불안 일부 완화돼 달러화 등락 제한. 주 후반 트럼프 대통령 차주 시진핑 주석과 회담 일정 확정하며 무역 긴장감 일부 완화. 금일 발표될 미국 9월 소비자물가 대기 - 달러/유로 1.16달러대에서 약보합. S&P 프랑스 신용등급 강등으로 유로화 하방 우위. ECB 라가르드 총재의 유로존 인플레이션 상하방 리스크 범위 축소됐다는 발언에 유로화 하단 지지 요인. 엔/달러 152엔대로 상승 압력 지속. 다카이치 총리 당선된 가운데 재정 부양책 추진 발언으로 엔화 약세 부각 - 원/달러 1,430원대까지 속등. 대외 강 달러 압력 제한적이었음에도 교역 불확실성에 연동된 영향. 대미 투자협상 난항 겪는 가운데 관련 우려 부각되며 원화 약세. 금통위 회의에서는 기준금리 동결 결정되며 영향력 제한 신한투자증권 리서치 탐색기",25.10.27,2025-10-27 21:57:59,2025-10-27 21:57:59,12566
경제분석,,,신한 Econ Check-up,신한투자증권,https://finance.naver.com/research/economy_read.naver?nid=12567&page=1,"예상된 중국 경기 둔화, 한국 금리 동결 - 중국 3분기 GDP 및 9월 주요 동행지표는 예상에 부합한 경기 둔화 확인. 3분기 GDP 전년대비 4.8% 성장해 2분기(+5.2%)보다 성장세 둔화. 성장세 부진은 소비와 투자 영향. 소매판매 9월 3.0% 증가에 그쳐. 고정자산투자는 부동산 부진(-13.9%) 심화된 가운데 제조업(+4.0%)도 과당경쟁 방지 정책 영향에 증가세 둔화 지속 - 중국 4중전회에서 첨단 제조업 중심 산업 고도화 강조했으나 세부 내용 및 추가 부양책 부재. G2 무역 갈등 완화에 부양책 속도 조절 판단 - 한국 금통위에서 기준금리 2.50% 동결 결정. 1명 인하 소수의견 유지됐으나 향후 3개월 내 인하 가능성 의견 5명에서 4명으로 축소. 경기 상하방 위험 확대에도 최근 부동산 경기 과열 등 금융 불균형 속 환율 변동성 확대 위험 경계감 높아진 까닭. 향후 인하 경로에 대한 구체적 언급 회피 - 미-중 무역 갈등 완화 기대 부상. 백악관에서 APEC 정상회의 기간 중 10월 30일 트럼프 대통령과 시진핑 주석 정상회담 개최 발표. 반면 러시아와 정상회담 무산 발표와 함께 재무부 러시아 에너지 제재 강화 발표. 한국과 미국간 투자 협상은 3,500억달러 지불 방식에 대해 논의 진행 신한투자증권 리서치 탐색기",25.10.27,2025-10-27 21:57:59,2025-10-27 21:57:59,12567
경제분석,,,"2026년 경제 전망: 3가지 축(미-중 패권, AI 생태계 ..",iM증권,https://finance.naver.com/research/economy_read.naver?nid=12568&page=1,"26년 글로벌 경제는 소 걸음 경기 사이클 지속 - 미-중간 패권 전쟁 지속에 따른 글로벌 교역 사이클의 더딘 회복, 중국 저성장 및 다양한 양극화(국가, 업종 및 소득별 양극화) 등으로 26년 글로벌 성장률은 25년과 유사한 수준을 기록할 것으로 예상됨 - 단, AI 패권 격화 등으로 미국과 중국 모두 독자적 AI 공급망(=생태계) 구축을 위한 중복 투자 현상 심화는 AI 투자 사이클의 지속 가능성을 높일 것임 [24155800]_251867.pdf",25.10.27,2025-10-27 21:57:59,2025-10-27 21:57:59,12568
경제분석,,,반도체 주연만큼 화려한 조연,유진투자증권,https://finance.naver.com/research/economy_read.naver?nid=12569&page=1,"중국 공급 축소 요즘 주식시장에서 중국에 대한 관심은 낮다. 경기가 좋지 않기 때문이다. 지난 3Q 중국 실질 성장률은 4.8%yoy 를 기록했다. 올해 5% 성장 목표치 달성에는 이상이 없다. 하지만 중국 명목 성장률(3.7%yoy)를 감안하면, 중국 경제는 디플레다. 10 개 분기 연속 물가가 하락 중이다(도표 1). 물가가 하락하면 경제 활력이 떨어진다. 물가가 내일 하락한다고 확신하면, 오늘 소비를 늘릴 필요가 없다. 기업들도 투자를 하지 않는다. 공급과잉이었던 중국 경제의 투자 성장기여도는 올해 10 년래 최저(0.9%p)로 떨어졌다(도표 2). 중국의 수출 경쟁력은 세계적이다. 공급과잉에 따른 가격 경쟁력인 경우가 많다. 그러던 중국에서 지난 여름 이후 제조업 투자마저 감소했다(도표 3). 중국 공급 과잉이 축소될 계기가 생긴 것이다. 20251027_B_jaehwan.huh_1200.pdf",25.10.27,2025-10-27 21:57:59,2025-10-27 21:57:59,12569
경제분석,,,미국 CPI - 선반영한 인하를 재확인,유진투자증권,https://finance.naver.com/research/economy_read.naver?nid=12570&page=1,"선반영한 인하를 재확인 미국 9 월 CPI 는 +0.3%MoM / +3.0%YoY, Core CPI 는 +0.2%MoM / +3.0%YoY 상승해 두 지수 모두 시장 예상치를 하회했다. 헤드라인 인플레이션은 에너지(+1.5%mom) 물가 상승에 +0.3% 상승했지만 Core 인플레이션은 오히려 더 낮은 상승률을 보였다. 9 월 Core 인플레 둔화를 견인한 핵심은 주거비이다. 특히 자가주거임대료가 +0.1% 상승에 그쳤는데, 이는 2020 년 11 월 이후 최저치이다. 그 외 비주거서비스(+0.2% → +0.3%)나 Core 상품(+0.3% → +0.2%) 부문은 훌륭하다 말하긴 어려워도 양호한 모습을 보였다. 다만 상품 물가의 경우 차량 제외 부문은 상승세가 다시 가팔라져, 관세 발 인플레 압력이 계속되고 있음을 보여주었다. 이번 물가지표가 발표되기 전부터 시장은 이미 연내 2 회 추가 인하를 대부분 반영한 상태였기 때문에, 이번 데이터는 인하 가능성을 재확인했다는 것 외에는 큰 의미는 없다고 판단한다. 관세 영향이 데이터 상으로 여전히 드러나고 있지만 그 정도가 크지 않다. 반면 이번 인플레 둔화를 견인했던 주거비의 경우, 집계 방식의 변화가 있긴 하지만 노동통계국에서 발표하는 신규 임차료 상승률이 2분기 들어 급락했기 때문에 향후 2~3 분기 동안 주거 부문의 디플레이션이 인플레를 더 안정시킬 수 있다. 20251027_B_jhoonlee_179.pdf",25.10.27,2025-10-27 21:57:59,2025-10-27 21:57:59,12570
산업분석,석유화학,,기름뿜뿜 Weekly: SK가스 CEO 간담회 참석 후..,iM증권,https://finance.naver.com/research/industry_read.naver?nid=42096&page=1,"화학: SK가스 CEO 간담회 참석 후기 (10/23) - [화학] 주요 제품가격: 납사▼ -6.6%, 올레핀▼(에틸렌 -4.0%, 프로필렌 -2.7%, BD -5.3%) BTX▼ (BZ -2.9%, TL -3.8%), 폴리머↔ (PE -0.8%, PP -1.2%, PS -%, ABS -%, PVC -%) 합섬원료▼ (AN -%, EG -2.0%), 기타 (VAM +5.9%, ECH -1.7%, Soda -1.3%, SBR -1.7% 등) - SK가스 CEO 간담회 참석 후기(10/23): CEO 및 전략기획 부문 임원들과 직접 소통하며 중장기 사업 전략과 방향성, 그 속에서 파생되는 여러 고민들까지 공유할 수 있는 기회였음 - 동사는 24년 말 GPS 상업가동을 시작으로 과거 상대적으로 단순했던 LPG 트레이딩에서 LNG 발전소로 사업 확대. 이는 단순히 사업영역의 확대를 넘어, 글로벌리 흔치 않게 LPG/LNG 모두 다루며 트레이딩 이익을 창출할 수 있는 인프라가 된다는 점에서 더욱 의미가 있음. 울산GPS에 이어 연말 SKMU 발전소 등 동사가 LNG 공급할 발전소 추가 확보될수록 트레이딩 물량이 늘고, 이는 트레이딩 이익 창출 기회가 많아진다는 뜻이기도 함. 이에 동사는 LNG/LPG 혼소 가능한 발전소 추가 확보도 고민 중인 것으로 파악. 다만, 건설비 상승과 초기 대규모 자금지출 부담인 만큼 직접적인 건설보다는 지분 or 합작투자 형태가 더 현실적인 방안으로 고려될 것으로 예상 - 이번 간담회에서 LNG 벙커링 신사업 강조 인상적이었음. IMO 규제 이후 선박업계에서 차세대 연료로 암모니아/메탄올 등이 논의됐으나, 사실상 LNG로 수렴 완료. 향후 LNG 벙커링 수요가 확대될 수밖에 없는 만큼 동사는 해당 사업에 진출하고자 ‘EMFS’ 벙커링 자회사 설립, 25년 1월 LNG 벙커링 선박(18,000cbm) 용선 계약 체결 완료. 27년 말 선박 인도 후 벙커링 사업 개시할 예정. 특히 부산과 인접한 울산에 KET, 벙커링 전용 부두 등 인프라를 확보하고 있다는 점에서 LNG 벙커링 사업 진출 훨씬 용이. 매년 LNG 관련해 변화된 모습 보여줄 것으로 기대되는 회사 [24155727]_251860.pdf",25.10.27,2025-10-27 21:58:00,2025-10-27 21:58:00,42096
종목분석,,나이벡,"기술이전이 만든 턴어라운드, 이제는 신약가..",한국IR협의회,https://finance.naver.com/research/company_read.naver?nid=87051&page=1,"■ NP-201 글로벌 기술이전으로 수익구조 전환 가시화: 2025년 5월 미국 폐질환 전문기업 NewCo에 총 4.35억 달러 규모의 기술이전 계약 체결로 인한 계약금 109억 원 반영으로 단기 실적 개선 ■ 비만 치료제 ‘Regenotide’의 신약 가치: 근육량 보존형 체중감량 기전을 확보함과 동시에 경구제로 개발 예정, 차별화된 경쟁력 보유 ■ 실적 턴어라운드와 밸류에이션 리레이팅 구간 진입: 2025년 매출액 342억 원(+39.3% YoY), 영업이익 53억 원(흑자전환) 전망되며, 기술이전 성과와 차기 파이프라인들로 인한 기술가치 중심 재평가 기대 ★251027_나이벡_FN1.pdf",25.10.27,2025-10-27 21:58:01,2025-10-27 21:58:01,87051
투자정보,,,Weekly Guide Book(2025/10/24): 빅이벤트를 기다리며,신한투자증권,https://finance.naver.com/research/invest_read.naver?nid=36711&page=1,"빅이벤트를 기다리며 잠재된 불안 요인들과 누적된 가격 부담 사이에서 개별 자산 간 변동성 장세 반복되나 박스권 안에서 되돌림 수준. 주식시장 강세 기조 연장은 미·중 정상회담 확정 이벤트와 지역은행 부실 위험 제어, 실적시즌 견조한 이익 확대 때문. 셧다운 장기화로 3% 레벨까지 하락했던 美 10년물 국채금리는 4%대로 복귀하며 베어 플랫. 백악관의 러시아 석유기업 제재로 WTI 5% 이상 급등해 인플레 우려 부각이 금리 상방 압력으로 작용. 금 12년래 최대 낙폭 기록. 누적된 기술적 부담을 배경으로 달러 강세·지정학 완화·시장금리 하락 국면에서 과매수 상태로 진행된 파생상품 포지션 변화로 판단 세 가지 이슈 점검 필요. 첫째, APEC 회담에서 미·중 정상회담 성사와 미·러 정상회담 백지화는 상반된 결과이나, 미·중 회담 결과는 러-우 휴전에 직접적 영향 행사. 지정학 위험 완화와 유가 하락은 인플레이션 통제에서 주식·채권 모두에 중대 모멘텀으로 작용. 둘째, 中 정책시즌 진입과 GDP 둔화세 확인. 3Q GDP 4.8%로 전기대비 0.4%p 둔화. 생산 제외한 투자·수출·소비 공히 부진. 대외 불안 속 확장적 정책 기조 공감대 형성. 4중전회 개최로 본격 정책시즌 진입, 시진핑 주석 연임·15차 5개년 규획·재정 확장 기조 확인에서 중대한 회의로 평가. 구체적 숫자 부재하나 AI-내수-안보가 강조됨. 셋째, 차주 FOMC와 CPI 발표 예정. CPI 예상치 2.9%로 불안요인 잔존하나 금리 인하 기조에는 큰 영향 없을 전망. APEC 빅딜, 빅테크 호실적 가능성 높아 과도한 비관론에 경계 필요 신한투자증권 리서치 탐색기",25.10.27,2025-10-27 21:58:03,2025-10-27 21:58:03,36711
시황정보,,,10/24 KB 리서치 장마감코멘트,KB증권,https://finance.naver.com/research/market_info_read.naver?nid=33833&page=1,"장마감코멘트 - KOSPI 3,941pt (+2.50%), KOSDAQ 883pt (+1.27%) - 미중 협상 기대 반영, 반도체주 강세 흐름 재개된 가운데 KOSPI 3,940pt 돌파 마감 - 백악관이 트럼프 대통령과 시진핑 주석 회담 일정을 오는 30일로 공식 발표. 미중 무역 긴장감 해소 기대감에 미 증시 반등 - 인텔 호실적 발표에 국내 반도체주로 온기 확산, 랠리를 재개했으며 SK하이닉스는 50만원을 돌파하며 신고가 경신. 외국인은 전기전자 업종 7천억원 넘게 순매수 - 또한, 테슬라 부진한 실적 여파로 전일 차익매물 출회됐던 2차전지주는 미 정규장에서 테슬라가 반등에 성공하며 매수세 재유입, KOSDAQ 강세 견인 - 한편, 미 행정부가 러시아 대형 석유기업에 제재를 가하면서 국제유가가 급등한 영향에 SK이노베이션 (+8.27%), S-Oil (+2.46%) 등 정유주 동반 강세 - 미중 무역갈등 완화 기대감 속 대형주 중심 강세 이어지며 KOSPI 주간 +5.14% 및 3주 연속 상승세 지속, KOSDAQ도 +2.74%로 견조한 흐름 - 다음 주 경주에서 열리는 APEC 정상회담 (10/31~11/1)으로 관심 집중 전망 - 30일 미중 정상회담에 앞서 29일에는 트럼프-이재명 대통령 회담도 예정. KOSPI 4,000pt 눈앞에 둔 가운데 한미 관세 불확실성이 돌발 변수로 작용할 가능성. 다음주에는 FOMC, ECB, BOJ 등 글로벌 통화정책 이벤트도 대기하고 있어 주목할 필요 20251024152301270K.pdf",25.10.27,2025-10-27 21:58:04,2025-10-27 21:58:04,33833
시황정보,,,"대형주 초강세에 3,950p 근접",신한투자증권,https://finance.naver.com/research/market_info_read.naver?nid=33834&page=1,"APEC 불확실성 해소에 Risk-on 금일 KOSPI, KOSDAQ은 각각 2.5%, 1.3% 상승했습니다. 간밤 미국의 러시아 원유기업 제재에 유가가 튀었고(WTI가 +5.6%), Tesla(+2.3%) 실적 미스도 악재였습니다. 분위기를 반전시킨 것은 APEC이었습니다. 한미(10/29)·미중(10/30)·한중(11/1) 간 릴레이 정상회담 일정 확정에 시장의 위험자산 선호심리가 회복됐습니다. 반도체(삼성전자 +2.4%, SK하이닉스 +6.6%), 2차전지(삼성SDI +13.6%, LGES +9.9%), 원전 종목이 KOSPI의 지수기여도 상위 10위 모두 차지했습니다. 최근 배터리 강세도 ESS 호조에 기인한 점에서 투심 개선이 AI 자신감 회복으로 이어진 것으로 보입니다. 신한투자증권 리서치 탐색기",25.10.27,2025-10-27 21:58:04,2025-10-27 21:58:04,33834
시황정보,,,[Market Nowcast] 이벤트가 너무 많네요,SK증권,https://finance.naver.com/research/market_info_read.naver?nid=33835&page=1,"[Week Ahead] - 지난 주 글로벌 증시 일제히 강세 나타낸 가운데 국내 증시의 아웃퍼폼 지속. 코스피지수 중심의 파죽지세 지속되며 어느새 4000pt를 목전에 둔 상황. 미국과 중국이 말레이시아에서 무역회담을 하며 갈등 노이즈 점차 해소되는 분위기 조성 속 양호한 실적시즌, 셧다운 영향으로 뒤늦게 발표되었던 미국 9월 CPI가 시장 컨센서스를 하회하며 인플레이션 우려 감소(MoM 기준 헤드라인과 코어 각각 +0.3%, 0.2% / 예상치는 0.4%, 0.3%이었음)한 점도 시장에 긍정적인 영향을 미침. 한미정상회담과 APEC 앞두고 무역 협상 관련 긍정적인 뉴스플로우 유입도 국내 증시 센티먼트 추가 개선에 일조 - 코스피종합지수 금요일 종가 3941.59pt 마감하며 신고가 랠리 지속 중인데, 기술적 지표나 가격만으로 지수 업사이드를 쉽게 제한하기 힘든 상황. 여전히 상방은 계속 열어놓되 기존 주도 업종들은 최소 뉴트럴 이상 포지션 가져가며 압축적으로 대응하는 것이 유리하다는 판단. 코스피와 코스닥 20일 ADR이 79.4%, 72.3% 정도에 머무는 등 여전히 쏠림은 심하기 때문에 순환매 발생 시 기존 크게 올랐던 종목들의 단기 가격 조정은 과격하게 발생할 수 있겠지만 단기간 내에 쏠림 해소될 만한 이벤트 발생할지에는 의문 - 이번 주는 일정이 많은 한 주로 시장 센티먼트를 훼손할 상황이 나오게 될 가능성은 크지 않겠으나 시장 민감도는 높을 것으로 예상 1) 한미 정상회담(수), 미중 정상회담(목), APEC 정상회의(금~토)가 이번 주 메인 이벤트. 이와 함께 나타날 수 있는 무역 협상 관련 내용들에 시장 민감도 높을 것으로 예상하며 트럼프의 발언을 통해 김정은 북한 국무위원장과의 만남 가능성도 제기되고 있음 2) 10월 FOMC(한국 시간 목요일 3시 회의 결과 발표 예정)도 이번주에 있는데 지난 주 9월 CPI가 시장 예상치 하회하며 변수가 제거된 만큼 기준금리 25bp 인하는 확정적(선물시장 기준 98% 가까이 반영 중, 12월 25bp 인하 확률도 90% 상회). 기준금리 관련 내용보다는 최근 파월이 언급했던 QT 종료 관련 일정이 제공될 수 있을지가 중요할 듯. 이 밖에 유로존, 일본, 캐나다도 통화정책회의 및 기준금리 결정 일정 잡혀있어 통화정책 측면에서는 빅 위크(캐나다는 기준금리 25bp 인하, 나머지는 동결이 컨센서스) 3) 3분기 실적시즌 Climax: 미국 실적시즌은 이번주와 다음주를 거친 이후에 마무리 수순 들어갈 것. 금주 Magnificent 7 종목들 중 엔비디아와 테슬라를 제외한 5개 종목들 실적발표 예정되어 있으며 다른 라지캡 기업들도 다수 일정이 있음. 국내 증시도 삼성전자와 SK하이닉스 중심으로 대형주들 실적 일정 다수 산재(한국/미국 주요기업 이번주 실적발표 일정은 10~15p 참고) 4) 엔비디아 GTC가 워싱턴DC에서 열릴 예정(월요일~수요일)이며 젠슨 황 CEO 기조연설은 한국 시간으로 수요일 새벽 1시로 예고됨. 결국 M7 기업들 중 테슬라(다음주에 주주총회 예정)를 제외한 6개 기업이 시장과 직접 소통하는 금주가 중요할 수밖에 없음 20251027070535490_0_ko.pdf",25.10.27,2025-10-27 21:58:04,2025-10-27 21:58:04,33835
시황정보,,,10/27 KB 리서치 모닝코멘트,KB증권,https://finance.naver.com/research/market_info_read.naver?nid=33836&page=1,"국내 및 글로벌 증시 동향 [미국 증시 동향] - 9월 CPI가 예상을 하회하며 금리인하 기대감 상승한 영향에 3대 지수 모두 사상 최고치 및 기술주 중심 강세 - CPI 전월대비 0.3%, 근원 CPI 0.2% 상승해 시장 예상치 0.4%, 0.3%를 하회했으며 8월 대비로도 둔화 - 10월 S&P 글로벌 제조업 PMI 52.2, 서비스업 PMI 55.2로 각 예상치 51.8, 54.0 상회하며 경기 호조 반영 - 12월까지 50bp 인하 확률이 94.8%까지 상승. 테슬라 제외 대형 기술주 대부분 상승, 은행주도 주가 강세 [FICC 시장 동향] - 미국 10년물 국채수익률 4.00% (+0.0bp), CPI 예상치 하회 vs. 제조업 및 서비스업 지표 호조에 혼조세 - 달러 인덱스 98.95 (+0.02%), 예상 하회한 CPI 결과에도 금리인하 기대 선반영 인식에 보합권 등락 - 유가 61.50달러/배럴 (-0.47%), 미국의 대러시아 제재에 따른 단기 급등 부담 속 숨고르기 진행 [중국 및 유럽 증시 동향] - 중국 증시, 당국이 4중전회에서 기술 자립을 강조함에 따라 기술주 강세, 상해 지수 2015년 8월 이후 최고치 - 유럽 증시, 미중 긴장 완화, 미 물가 진정세에 안도하며 프랑스 제외 주요국 증시 대체로 상승 [주간 증시 캘린더] * 한국시간 기준, (실): 실적발표, (휴): 휴장, 미: 미국, 유: 유럽, 중: 중국, 한: 한국 > 27 (월): (실) 한화오션, POSCO홀딩스, > 28 (화): 한 3Q GDP (속보), > 29 (수): (휴) 홍콩, (실) SK하이닉스 > 30 (목): FOMC (29~), ECB, BOJ, 미 3Q GDP (속보), (실) 삼성전자 (확정), 마이크로소프트, 알파벳, 메타 > 31 (금): APEC 정상회의 (~11/1), 미 9월 PCE, 중 10월 국가통계국 PMI, (실) LG전자 (확정), 애플, 아마존 20251027071449200K.pdf",25.10.27,2025-10-27 21:58:04,2025-10-27 21:58:04,33836
시황정보,,,SK증권 Global Carbon Market Daily_251027,SK증권,https://finance.naver.com/research/market_info_read.naver?nid=33837&page=1,배출권/에너지 관련 뉴스 [뉴욕유가] 러시아發 공급 우려 속 숨 고르기…WTI 0.47%↓ https://www.yna.co.kr/view/AKR20251025004100009?section=search 온실가스 감축목표 매년 ‘보고서’ 작성된다···미달시 정부 보완계획 마련 https://www.viva100.com/article/20251026500678 이 와중에…'전기차 전환' 급발진하는 정부 https://www.hankyung.com/article/2025102628011 20251027074117835_0_ko.pdf,25.10.27,2025-10-27 21:58:04,2025-10-27 21:58:04,33837
시황정보,,,CPI 호조 속 미 증시 급등마감,iM증권,https://finance.naver.com/research/market_info_read.naver?nid=33838&page=1,"국내 증시 Comment 반도체 중심 강세로 사상최고치 행진 지속: 미중 무역긴장 완화 기대감에 상승 출발한 국내증시는 인텔의 호실적과 반도체 업황 개선 전망에 삼성전자와 SK하이닉스가 나란히 신고가 경신하며 지수를 견인. 외국인/기관의 2조원 넘는 양매수세에 이차전지/원전 업종 등으로 훈풍 이어지며 사상 첫 3,940선 마감 2차전지 업종 강세: LG에너지솔루션(+9.94%)이 스텔란티스와 캐나다에서 ESS 배터리 생산을 검토한다는 소식과 미국 조지아주 주지사가 방한하여 배터리 협력 및 투자 활성화 논의를 진행한다는 소식에 ESS발 모멘텀 강화되며 삼성SDI(+13.57%), 엘앤에프(+17.61%) 등 이차전지 업종 강세 마감 [27072613]_251862.pdf",25.10.27,2025-10-27 21:58:04,2025-10-27 21:58:04,33838
시황정보,,,SK증권 아침에 슥_2025.10.27,SK증권,https://finance.naver.com/research/market_info_read.naver?nid=33839&page=1,"미국 - 기술주 실적 호조에 사상 최고치 ㆍ AMD, IBM 등 주요 기술 기업들의 견조한 실적 발표와 AI 모멘텀이 지속되며 3대 지수 모두 랠리 20251027073303638_0_ko.pdf",25.10.27,2025-10-27 21:58:04,2025-10-27 21:58:04,33839
시황정보,,,Global Daily (10월 27일)－9월 CPI 컨센서스 하회에 ..,신한투자증권,https://finance.naver.com/research/market_info_read.naver?nid=33840&page=1,"주요 뉴스 - Summary: 9월 CPI 컨센서스 하회에 달리기 시작한 시장, S&P 500 +0.8% - 9월 CPI: 헤드라인 전월대비 +0.3%, 근원 CPI는 +0.2%. 대체로 전월대비 둔화했고 시장 컨센서스도 하회 - 경기도 나쁘지 않다: 10월 S&P글로벌 서비스 PMI 55.2, 제조업 PMI 52.2로 컨센서스 상회/확장 유지 - 미국발 위험선호: 주가 CPI 발표 이후 달리기 시작, 달러는 금리 인하 기대에도 유럽 정국 혼란 우려 속 보합 - 업종/스타일: IT, 유틸리티, 금융, 중소형주 등 하이베타/AI 관련 업종 주도. 에너지, 소재, 필수소비재 하락 - AI 전반 강세: 알파벳(+2.7%) 앤트로픽 TPU 칩 공급에 강세. 마이크론(+6%) 샌디스크(+11%)도 급등 - 양자컴 강세: IBM, AMD 칩을 활용해 양자컴퓨팅에서 특정 알고리즘 수행 가능 논문 발표 예정, 양자주 화색 신한투자증권 리서치 탐색기",25.10.27,2025-10-27 21:58:04,2025-10-27 21:58:04,33840
시황정보,,,주간 증시 브리핑,유진투자증권,https://finance.naver.com/research/market_info_read.naver?nid=33841&page=1,"Executive Summary - [증시요약] KOSPI는 韓美 협상 타결 기대와 반도체 실적 개선 기대 속에 최고치 경신을 이어감(3,942pt, 주간 +193p, +5.1%). KOSPI는 9월초 3,200선을 돌파한 이후 2개월이 안되어 +757p 급등함. KOSDAQ도 상승(883p, 주간 +1.3%). 원달러 환율은 엔화 약세, 對美 투자로 인한 자본 유출 우려에 주중 1,440원을 상회함. 20251027_B_jaehwan.huh_1201.pdf",25.10.27,2025-10-27 21:58:04,2025-10-27 21:58:04,33841
시황정보,,,Daily 신한생각 (10월 27일),신한투자증권,https://finance.naver.com/research/market_info_read.naver?nid=33842&page=1,"Top down Weekly Guide Book 자산배분: 빅이벤트를 기다리며 Key Chart: 대러 제재에 국제유가 발작 경제/금융시장: 예상된 중국 경기 둔화, 한국 금리 동결 경제_외환시장: 달러 강보합에도 원화 약세 부각 속 1,430원대 주식_해외: 믿을 건 실적 주식_국내: 수출과 대형주의 시간 주도주&테마: ESS 모멘텀 + 숏스퀴즈에 2차전지 급등 채권_글로벌: 10월 FOMC 회의 대기 채권_KTB: 한국 금통위 소화하며 베어 플랫 채권_Credit: 확보된 캐리 투자 여건 대안자산_CM&REITs: 금 차익 실현, 유가 공급 경계 재부상 Chartbook & Portfolio Bottom up 기업 분석 메리츠금융지주 (138040/매수) 실적보단 차기 주주환원 정책이 주요 변수 카카오페이 (377300/중립) 펀더멘털 개선에도 수급 부담 및 밸류에이션 한계 지속 보로노이 (310210/Not Rated) 기대가 현실로 시프트업 (462870/매수) 중국 성과에도 아쉬운 신작 공백 펄어비스 (263750/매수) 신작 출시일 확정, 완만한 주가 상승 예상 현대코퍼레이션 (011760/매수) 어려운 환경 속 몸집 키우기 이노스페이스 (462350/Not Rated) 우주로 향하는 첫걸음 해외기업 분석 인텔 (INTC.US) 경쟁력 회복, 전략 변화가 주가 정당화 신한투자증권 리서치 탐색기",25.10.27,2025-10-27 21:58:04,2025-10-27 21:58:04,33842
시황정보,,,미디어 업종에도 곧 기회가,대신증권,https://finance.naver.com/research/market_info_read.naver?nid=33843&page=1,"미디어 업종 주간 동향 - 이번 주도 지수의 급등 속에 미디어 주가는 부진. 그래도 실적에 대한 긍정적인 전망들이 지속되면서 하락 보다는 지수 대비 상대적 약세 수준으로 방어 - APEC에서 한중 회담을 통해 한한령 해제에 대한 보다 구체적인 윤곽이 드러나면 당장 주가는 큰 폭의 상승이 가능할 것으로 전망 - 한한령 해제 관련한 분위기 변화가 없더라도 11월초 개선된 실적을 확인하면 주가의 반등은 충분히 가능할 것으로 전망 - 드래곤, 콘중, ENM 등 제작 물량 증가에 따른 실적 개선이 가시화되는 컨텐츠 위주로 선제적 비중 확대 필요 - 연말로 갈수록 기말 배당만 실시하고 배당수익률이 높은 기업에 대한 선호도도 증가할 것으로 전망. 제일기획 6% 수준, 스카이라이프 7% 수준 전망 55443_251024_Media.pdf",25.10.27,2025-10-27 21:58:04,2025-10-27 21:58:04,33843
시황정보,,,운송업 Weekly,대신증권,https://finance.naver.com/research/market_info_read.naver?nid=33844&page=1,"2025.10.20(월) - 2025.10.24(금) - 지난주 당사 유니버스 운송업의 수익률은 전주대비 -3.1%를 기록, KOSPI 주간 수익률 5.1%를 하회, KOSDAQ 주간 수익률 2.7%를 하회 - 지난 한 주간 운송 업종에 대한 수급은 기관 -56.7억원 순매도, 외국인 -2.5억원 순매도, 연기금 -49.7억원 순매도 - 당사 커버리지 중 주간 수익률 상위 기업은 팬오션 3.8%, CJ대한통운 2.0%, 현대글로비스 1.9%의 순서 - 추석 연휴 이후 BDI 반등과 주가 하락에 따른 저평가 매력이 부각되면서 팬오션의 주가가 반등에 나선 것으로 추정 - 현대글로비스는 한미간의 관세 협상 체결 기대감에 반등했지만, 협상 종료에 대한 불확실성이 부각되면서 재차 하락세를 시현 - 대한항공은 2025년 3분기 별도 영업이익이 3,763억원으로 시장컨센서스를 크게 하회하는 쇼크를 기록하였지만, 기관 및 외국인 매출 출회에도 불구하고 저가 매수세 유입으로 전주대비 보합권에서 마감 - HMM은 ① 10월 22일 자사주 매입 및 소각 완료로 총 유통주식수가 943.2백만주로 감소하며 시가총액이 축소된 효과와 ② SCFI의 반등으로 인해 22일 주가가 반등했지만, 목~금 이틀간에 걸쳐 상승폭을 반납하고 마감 - 10월 추석 연휴로 인해 9월 인천공항 DATA가 뒤늦게 발표되었는데, 국제선운항은 -0.5%(yoy), 국제선여객수송은 +0.4%(yoy), 항공화물수송은 +3.6%(yoy)로 나타남. 국제여객 수요의 증가세가 현격히 둔화된 모습 - 항공사별로(증감은 yoy) 대한항공의 운항은 +2.1%, 국제여객수송은 +6.6%, 항공화물수송은 +1.3%이며, 아시아나항공의 운항은 -9.8%, 여객수송은 -0.9%, 항공화물수송은 -80.2%로 집계 - 주요 지역별로 [일본]은 운항 +1.7%, 여객 +2%, 화물 +13.6%, [중국] 운항 +5.7%, 여객 +17.4%, 항공화물 +8.2%, [동남아] 운항 -11.1%, 국제여객 -8.8%, 항공화물 +10.1%, [미주] 운항 +8.4%, 여객 +0.2%, 화물 -2.7%, [유럽] 운항 +4.8%, 여객 +8.1%, 항공화물 -2.9%를 기록 - BDI는 10월 24일 기준 2,092pt로 전주대비 1.1% 상승, SCFI는 10월 24일 기준 1,403pt로 전주대비 +7.1% 상승 - 주요 운송업체 실적 발표일: 현대글로비스(10/30, 오전 11시, 컨콜), 팬오션(11/3, 오후 3시, 컨콜), CJ대한통운(11/7일 오전 10시, 컨콜), HMM(11/14일 경, 컨콜로 예상) 55445_Trans_Weekly_20251024.pdf",25.10.27,2025-10-27 21:58:04,2025-10-27 21:58:04,33844
시황정보,,,Tech Weekly,대신증권,https://finance.naver.com/research/market_info_read.naver?nid=33845&page=1,"상승은 끝나지 않았다 10/20~24 주간에 미국 나스닥과 S&P은 각각 2.3%, 1.9%씩 상승하였다. 미국과 중국간 정상의 만남 기대, 관세 마찰의 완화 전망으로 지수 강세가 지속되었다. 주요 IT 기업의 실적 발표도 컨센서스를 상회한 점도 긍정적으로 반영되었다. SK하이닉스의 2026년 영업이익이 최대 80조원으로 예상되면서 역사적 신고가 경신 속에 목표주가 상향이 이루어졌다. 삼성전자의 주가도 역사적 고점을 경신하면서 반도체 중심의 쏠림이 강화되었다. 삼성전기는 삼성전자 파운드리 부문의 턴어라운드, 2026년 실적 개선 기대감이 반영되면서 주가가 최고점을 경신하였다. LG전자도 인도업인의 성공적인 IPO, 관세 우려에서 벗어난 3Q 실적으로 주가는 반등하였다. 지난주에 상대적으로 LG그룹주에 관심이 확대되었다. 2026년 실적 개선 기대감과 밸류에이션 저평가로 주가 반등을 모색한 시점으로 평가된다. LG이노텍은 애플의 아이폰17 초기 판매 분위기가 양호, 원달러 환율의 상승으로 2025년 3Q&4Q 실적이 컨센서스 상회를 추정한다. LG디스플레이도 내부적인 원가 혁신과 OLED 매출 중심의 전환이 2025년 4년만에 영업이익 흑자전환을 예상한다. 한국 반도체 주가의 Rally가 지속되고 있다. 공급업계의 가격 협상력 상승 속, 2025-2026년 영업이익 컨센서스가 상향되고 있으며, 고객 단에서 부는 수요의 FOMO (Fear Of Missing Out)로 반도체 수급 불균형 (초과수요)이 심화되고 있다. 이에, 삼성전자의 주가는 어느덧 10만원에 근접했고, SK하이닉스의 주가는 50만원을 넘어 새로운 역사를 쓰고 있다. 국내 반도체 소부장에서는 전공정 장비 기업들의 약진이 두드러졌다 (1주 전 대비 주가 변동률: 원익 IPS +13.9%, 유진테크 +13.2%, 피에스케이 +16.3%, 브이엠 +10.1%). 반도체 공급 부족이 이어지고 있고, AI 생태계의 확산으로 중장기 Capa 확대의 가시성이 높아지고 있다. 이에, 전공정 장비 수요 성장이 장기화될 수 있다는 기대감이 주가에 긍정적인 영향을 미친 것으로 판단된다. 55451_Daishin_IT_Weekly_251027.pdf",25.10.27,2025-10-27 21:58:04,2025-10-27 21:58:04,33845
시황정보,,,"힘든 국면이지만, 지나가고 있습니다.",대신증권,https://finance.naver.com/research/market_info_read.naver?nid=33846&page=1,"통신서비스 업종 주간 동향 - 통신 주간 -0.3%, KOSPI +5.1%. YTD 통신 +11.1%, 지수 +64.3%. 이번 주도 지수가 급등하면서 통신 소외. 특히, 일회성을 포함한 3Q 실적은 부진하고, 국감에서 해킹 관련 이슈가 지속적으로 부각된 영향 - 국감이 마무리 단계에 진입하면서, 현재 진행 중인 해킹 관련 조사와 사후 조치 역시 마무리될 것으로 전망 - 이제는 해킹과 3Q 실적보다는 그 이후를 바라볼 시점. SKT의 고객보상 패키지, KT의 임단협, LGU+의 명퇴비용 제외시 이익 상승세 - 추가 하락 보다는 실발이 마무리되는 11월 중순까지는 바닥을 다지는 과정. 자사주 취득과 외인 유입 효과가 지속중인 LGU+에 주목 - 다음 주 발표될 SKT의 3Q 실적과 배당 규모에 주목할 필요. 1) 3Q 배당 큰 폭 감소. 4Q 및 26년 배당에 대한 긍정적 전망 → 단기 주가 하락 및 반등. 2) 3Q 배당 큰 폭 감소. 이후 전망 불확실 → 주가 하락 및 26년초까지 주가 부진. 3) 3Q 배당 유지. 이후 전망 불확실 → 현수준 주가에서 완만한 등락. 4) 3Q 배당 유지. 4Q 및 26년 배당에 대한 긍정적 전망 → 주가 강세 55439_251024_Telco.pdf",25.10.27,2025-10-27 21:58:04,2025-10-27 21:58:04,33846
시황정보,,,[DS 시황 데일리] 현시점 2025-10-27,DS투자증권,https://finance.naver.com/research/market_info_read.naver?nid=33847&page=1,"지수 종합 [한국] 지난주 금요일 코스피와 코스닥은 각각 2.5%, 1.3% 상승. 시가총액 상위 3개 기업(삼성전자 +2.4%, SK하이닉스 +6.6%, LG에너지솔루션 +9.9%)의 지수 상승 기여도는 51.8p. 외국인과 기관은 2조원 가까이 순매수 하면서 지수 상승 폭을 확대. 한미(10/29)·미중(10/30)·한중(11/01) 정상회담이 확정되면서 그간의 불확실성이 해소. AI발 수혜 업종 중심 쏠림 현상을 보임 [미국] 지난주 금요일 3대 증시 상승. 9월 물가 지표가 예상치를 하회하면서 물가 둔화 움직임 확인. 다음주 FOMC에서 연준의 금리 인하 기대감 높임. 미중 정상회담이 확정되면서 양국 간 협상 기대감에 관세 우려가 완화된 점도 긍정적. 한편, 앤트로픽이 구글로부터 최대 100만개의 TPU를 공급받는 계약을 체결했다는 소식에 알파벳(+2.7%)을 포함한 기술주(+1.6%) 강세 현시점_251027.pdf",25.10.27,2025-10-27 21:58:04,2025-10-27 21:58:04,33847
시황정보,,,Yuanta Morning Snapshot (2025.10.27),유안타증권,https://finance.naver.com/research/market_info_read.naver?nid=33848&page=1,"■ 시장 리뷰 & 코멘트 ▶ 한국 증시 코스피지수는 전장대비 96.03pt(+2.50%) 상승한 3,941.59pt에 마감. 미국 인공지능(AI) 반도체 기업들의 실적 훈풍 영향으로 풀이 ▶ 미국 증시 다우지수는 전장대비 472.51pt(+1.01%) 상승한 47,207.12pt에 마감. 미국 소비자물가지수(CPI) 상승률이 예상치 하회하면서 투자 심리 상승으로 사상 최고치 기록 ▶ 아시아 증시 닛케이지수는 전장대비 658.04pt(+1.35%) 상승한 49,299.65pt에 마감. 일본의 첫 여성 총리 다카이치 사나에 취임 이후 재정 확대와 전략 산업 육성 기조를 기반으로 일본 증시 투심이 상승 상해종합지수는 전장대비 27.90pt(+0.71%) 상승한 3,950.31pt에 마감. 기술주 강세와 중국, 미국 간의 정상회담을 확정한 점도 양국 간 무역갈등 완화에 대한 기대감을 더하며 지수를 끌어올림 20251027080359900_0_ko.pdf",25.10.27,2025-10-27 21:58:04,2025-10-27 21:58:04,33848
시황정보,,,[DS Defense Daily] 2025-10-27,DS투자증권,https://finance.naver.com/research/market_info_read.naver?nid=33849&page=1,"에스토니아, 한국과 천무 도입 MOU 체결로 HIMARS를 보완할 계획 에스토니아는 10월 23일 서울에서 국방 협력 협정에 서명하며 한국의 K239 천무를 장거리 화력에 추가할 것이라고 확인 이 협정은 천무가 에스토니아 방위군이 이미 배치한 미국산 HIMARS를 보완하는 것임을 명시 에스토니아 국방부는 이 협정이 국산화를 통해 수천만 유로의 국내 산업 투자를 촉진할 것이라고 밝혔는데, 이는 미국과 한국산 발사대를 혼합하는 폴란드의 이중 전략 모델을 반영한 것 이번 발표는 에스토니아가 봄에 첫 번째 HIMARS 6대를 도입하고 해당 전력을 확장하기 위한 협상을 진행 중인 데 따른 것 K239 천무 는 한화에어로스페이스가 개발한 한국형 다연장 로켓 체계(MLRS)로, 대한민국 육군에 현대적이고 고도로 유연한 장거리 화력 지원 능력을 제공 에스토니아는 HIMARS와 천무 혼합 도입으로 정밀 타격 및 아군 포대와의 상호 운용을 위해서는 HIMARS, 대규모 트럭 탑재 일제 사격을 위해서는 천무, 또는 필요할 경우 ATACMS와 함께 타격 미사일을 사용 가능 분산 배치된 천무 포대는 발사대당 12발의 유도 로켓으로 집결 지역이나 방공 거점을 포화시킨 후 이동시킬 수 있으며, HIMARS 분대는 ER GMLRS 또는 ATACMS로 고가치 지점을 공격 에스토니아는 NATO 북동부 전선에 위치하며, 최근 몇 주 동안 발트해 영공을 탐색하고 동맹국의 공중 치안을 시험해 온 러시아와 마주하고 있음 미국과 한국의 발사대를 결합하여 공급업체를 다각화함으로써 생산 병목 현상과 정치적 위험을 방지하는 동시에 에스토니아를 두 개의 효과적인 산업 기지로 묶어둘 수 있음 에스토니아와 천무 본계약이 체결될 경우 폴란드 외 동유럽 국가에 천무 추가 수출을 성공하게 되는 것 에스토니아가 폴란드에 이어 유럽에서 두 번째로 HIMARS와 천무 조합으로 다연장로켓 전략을 계획하고 있어 실제 도입 시 주변 HIMARS운용 유럽국도 이를 참고한 후 천무 도입을 검토할 수 있음 251027_데일리 방산.pdf",25.10.27,2025-10-27 21:58:04,2025-10-27 21:58:04,33849
시황정보,,,Daily Morning Brief(2025.10.27),다올투자증권,https://finance.naver.com/research/market_info_read.naver?nid=33850&page=1,"[전일 해외시장 요약] ▶ 미국증시: Dow (+1.01%), S&P500 (+0.79%), Nasdaq (+1.15%) - 미국증시, 예상치를 하회한 9월 CPI 발표에 금리인하 기대감이 강화되며 3대 지수 모두 사상 최고치 경신 - 트럼프 미국 대통령, 관세 덕분에 미국 주식시장은 그 어느 때보다 강하다고 평가 - 해싯 백악관 NEC 위원장, 다음 CPI가 나올 때는 디스인플레이션이 더 뚜렷하게 나타날 것이라고 전망 20251027_B_jeehyun_95.pdf",25.10.27,2025-10-27 21:58:04,2025-10-27 21:58:04,33850
시황정보,,,"마켓레이더(10월 27일, 오전)",신한투자증권,https://finance.naver.com/research/market_info_read.naver?nid=33851&page=1,"KOSPI는 2.4% 상승한 4,035p. ①무역 ② 실적 ③ 금리 ④ 정책의 4박자가 맞아 떨어지며 웅장하게 4천피 돌파 ▶ 미국 주식시장은 예상치 하회한 소비자물가 영향에 위험자산 선호심리 재개. 잇따른 수주-공급 계약에 Ai, 반도체 실적 기대 :S&P500 +0.8%, NASDAQ +1.2%, 필라델피아 반도체지수 +1.9%. 금리 인하 기대와 실적 호조 기대감 반영 :9월 소비자물가 예상치 하회하며 위험자산 선호심리 상승. S&P Global 제조업&서비스업 PMI 모두 전월 대비 개선 :알파벳(+2.7%), 앤트로픽과 구글 LLC의 TPU 이용 계약(최대 100만개) 발표. AI& 레거시 동반 Cycle 기대 반영 지속 ▶ KOSPI는 4천 돌파 NIKKEI는 5만 돌파. 아시아 주식시장 상징적 신고가 랠리. ①무역 ② 실적 ③ 금리 ④ 정책의 4박자 :①무역)트럼프, 아시아 순방길에 기자들에게 한국과의 무역 협상 마무리 국면이라 언급(pretty close to finalizing) :베센트, 미중 협상 결과 희토류 통제 및 100% 관세 위협(최근 벌어진 상호 분쟁) 일부 연기 합의. 29일 한미 정상회담 30일 미중 정상회담 11월 1일 한중 회담. 경주에 모이는 우주의 기운. 조선, 원자력 등 협상 카드에 상승 모멘텀 작용 :②실적)트렌드포스, 4Q D램 가격 3Q 대비 13~18% 상승 전망(UBS 17%). 26년 범용 D램 수익성 HBM 추월 기대 :삼성전자, CapEx 증설 부진. 용인 반도체 클러스터 및 평택 공장 가동은 28년에야 본격화 전망. 수요>공급 지속 :10월 29일 SK하이닉스, MS, 알파벳 메타 실적. 10월 30일 아마존 애플 실적. 반도체 & 빅테크 실적 예정. 기대감 반영 :③금리) 9월 소비자물가 예상치 하회. 금리 인하 기대감에 위험자산 상승. 페드워치 기준 10월 금리인하 확률 96.7% :④정책) 여당, 자사주 소각 의무화 논의 막바지. 기존 보유분도 소각 대상. 정기국회 내 처리 목표. 11월 입법 추진 :배당은 소득세를 부과. 자사주 소각은 과세 없는 주주가치 제고 수단. KOSPI 기업의 자사주를 전량 소각한다고 가정했을 때, PBR은 소각만으로 3.3% 상승(7월 11일 기발간 자료 참고). 지주 및 자사주 배당 높은 종목 상승 배경 :외국인 2거래일 연속 KOSPI 현물 동반 순매수. 10월에만 현물 5.2조원 순매수하며 KOSPI 신고가 랠리 유도 :증권) 신고가 랠리 수혜. 거래대금 증가. 고객예탁금(80.2조원), 신용융자 잔고(14.8조원)는 역대 최고치. 호실적 기대감 :정상회담 내용 및 기업 3분기 실적 주목. 금일 실적 일정) 포스코퓨처엠, 한화오션, POSCO홀딩스 신한투자증권 리서치 탐색기",25.10.27,2025-10-27 21:58:04,2025-10-27 21:58:04,33851
투자정보,,,"10/27, Kiwoom Weekly_코스피 4,000pt 문턱에서 마주..",키움증권,https://finance.naver.com/research/invest_read.naver?nid=36712&page=1,"1. 지난 주 주식시장 동향 국내 증시는 지역은행 부실사태 진정, 미중 무역 갈등 완화 등 대외 변수 안정화된 가운데 우상향 흐름 지속. 특히, 반도체, 2차전지, 자동차 등 시가총액 상위 대형주를 중심으로 상승한 결과 코스닥 대비 코스피 우위 흐름 지속(KOSPI +5.14%, KOSDAQ +2.74%) 주 초반 국내 증시는 미중 무역 갈등 완화, 지역은행 부실 사태 진정 속 대외 변수 안정화된 가운데 기관을 중심으로 매수세가 집중된 결과 급등세로 출발. 특히, 최근 코스피의 연이은 신고가 경신에 따른 증시 거래대금 확대로 향후 실전 전망에 대한 기대감이 부각된 증권 업종 높은 상승률 기록. 그 외에도 미중 무역갈등 완화 속 자동차 등 관세 피해주도 양호한 흐름 연출. 한편, 트럼프 행정부는 자국 소프트웨어 기반 제품의 대중국 수출을 광범위하게 제한하는 조치를 검토하겠다는 내용을 발표하며 미중 갈등 우려 재차 촉발. 그 외에 부진한 실적을 발표한 넷플릭스, 텍사스 인스트루먼트 급락하며 미 증시의 전반적인 투자 심리 일시에 위축되기도 하였음. 다만, 주 후반 백악관이 30일 미중 정상회담 일정을 확정했다는 소식이 무역 갈등 불확실성을 완화. 또한, AI 수요에 힘입어 어닝 서프라이즈를 발표한 인텔 주가 급등 속 AI 모멘텀 재확인. 이러한 가운데 국내 증시는 반도체, 2차전지, 자동차 등 시가총액 상위 대형주를 중심으로 상승한 결과 코스닥 대비 코스피의 상대 우위 흐름 지속. 코스피는 PBR 1.3배선(코로나 팬데믹 당시 고점)인 3,900pt가 단기 저항선으로 작용. 다만, 최근 반도체를 중심으로 실적 전망치가 지속 상향되는 가운데 미중 무역 불확실성 완화, 소외주 반등, 풍부한 유동성 여건에 힘입어 주 마지막 거래일 3,900pt를 돌파하며 재차 신고가 경신. 업종별로 운송장비/부품(+10.01%), 건설(+8.64%), 화학(+8.59%), 증권(+7.32%), 제조(+6.16%))이 강세를 보인 가운데, 음식료/담배(-1.18%), 통신(-0.36%), IT 서비스(-0.15%), 비금속(+0.12%), 운송/창고(+0.4%)은 부진한 흐름 한편, 외인(-2,216억원)은 제조(+4,875억원), 운송장비/부품(+4,272억원), 화학(+2,982억원), 전기/전자(+2,883억원) 순으로 순매수, 기관(+4조 313억원)은 KOSPI(+40,313억원), 제조(+36,924억원), 전기/전자(+26,783억원), 금융(+5,310억원) 순으로 순매수 rfSW755.pdf",25.10.27,2025-10-27 21:58:03,2025-10-27 21:58:03,36712
투자정보,,,"10/27 달러, 물가 둔화에도 강보합",키움증권,https://finance.naver.com/research/invest_read.naver?nid=36713&page=1,"FX: 엔화, 더딘 통화 긴축 속 달러 대비 하락 달러화는 미국 9월 근원 CPI가 둔화되며 추가 금리 인하 전망을 강화했으나 이미 상당 부분이 선반영됐다는 인식 속에서 제조업PMI지수 개선에 더 주목하며 강보합권에서 마감 미국 9월 소비자물가 상승률은 전년동월 대비 3.0%로 전월(2.9%)보다 소폭 상승했지만 근원물가는 3.0%로 전월(3.1%)과 시장 예상치를 모두 하회하며 추가 금리 인하 기대를 뒷받침. 다만 선방영 인식이 우세한 가운데, 10월 제조업PMI지수가 52.2로 전월(52.0) 대비 소폭 개선된 점이 부각되며 달러는 강보합 흐름. NDF 달러/원 환율 1개월물은 1,436.87원으로 3.53원 하락 출발할 것으로 예상하나 강보합권 달러 흐름을 고려할 때 추가 하락은 제한될 전망 rfFE2520.pdf",25.10.27,2025-10-27 21:58:03,2025-10-27 21:58:03,36713
투자정보,,,10/27 Commodity Weekly,키움증권,https://finance.naver.com/research/invest_read.naver?nid=36714&page=1,"▶지난주 동향: S&P GSCI, 주간 기준 3.57% 상승 - S&P GSCI 에너지: +7.75% : 국제유가는 상승. 미국 정부가 전략비축유 매입을 발표한 영향. 또한 주후반 러시아 주요 에너지 기업에 대한 제재를 발표하면서 러시아발 공급 차질 우려 높아진 점도 금주 유가 상승 요인으로 작용 - S&P GSCI 귀금속: -1.90% : 귀금속은 하락. 미국 연방정부의 셧다운 해소 기대가 높아지면서 안전자산 수요 약화된 영향. 다만, 중동 정세 불안이 재부각되고 미국의 9월 물가도 시장 예상을 하회하면서 주후반 낙폭 축소 - S&P GSCI 산업금속: +2.47% : 비철금속은 주중 달러 강세에도 중국의 추가 경기 부양책에 대한 기대가 부각되며 상승. 특히 알루미늄의 경우 아이슬란드의 알루미늄 제련소 사고로 공급 차질이 불가피하다는 소식도 있어 다른 비철대비 상대적 강세 rfFG749.pdf",25.10.27,2025-10-27 21:58:03,2025-10-27 21:58:03,36714
투자정보,,,"25년 연말까지 KOSPI Target 4,100p로 상향조정. 26년..",대신증권,https://finance.naver.com/research/invest_read.naver?nid=36715&page=1,"Summary. 25년 KOSPI Target 4,100p(기존 3,850p). 가파른 EPS 레벨업으로 EPS 예상치 상향조정. 단기 과열해소, 매물소화는 감안 - 25년 연말까지 KOSPI Target 4,100p 제시. 기존 3,850p에서 상향조정 KOSPI Target 4,100p = 12개월 선행 EPS 347 X KOSPI PER 12.02배 반영. 예상 외의 가파른 선행 EPS 상승 / 레벨업을 반영 6월 전망 당시 296p였던 선행 EPS가 단숨에 338p로 레벨업. 3분기 프리어닝 시즌부터 반도체 중심의 실적 전망 상향조정 빠르게 전개 6월말 전망 당시 필자는 310p 전후까지 상승을 염두에 두고 25년 상단을 3,400p로 추정. 이후 선행 EPS 상승을 반영하며 KOSPI Band 상향조정 특히, 26년 3분기까지 분기 순이익이 레벨업될 것으로 예상되고, 27년에도 두자리수대 이익 증가가 예상되는 만큼 중장기 선행 EPS 상승추세는 유효하다고 판단 이는 KOSPI 중장기 상승추세, 대세 상승을 지켜주고, 이끌어가는 핵심 동력이 될 전망. 현재도 KOSPI는 대세 상승국면 진행 중 - 미국 금리인하 사이클 재개로 글로벌 Policy Mix 모멘텀 강화 국면 진입. 유동성 환경은 더욱 강해질 것이고, 시차를 두고 경기회복 기대도 유입될 수 있음 여기에 한국 26년 확대 재정 & 금리인하. Non-US 경기 회복 가세. 수출 모멘텀 양호 + 내수 회복 가시화. 강력한 AI, 반도체 모멘텀 유입 = 실적 개선 지속 신정부의 신성장 산업, 미래산업 육성 정책에 이어 상법개정, 한국 자본시장 선진화 등 정책 동력 강화 = 밸류에이션 정상화에 이은 프리미엄 국면 진입 - 2026년에도 선행 EPS 상승 추세 예상. 27년까지, 4년 연속 두자리수대 이익 증가 컨센서스 형성. 선행 PER 상승이 제한적이더라도 KOSPI 상승여력 충분 26년 중 KOSPI, 최소한 4,000선 중후반대까지 상승 예상. 25년 하반기 유동성, Policy Mix 장세가 26년에는 글로벌로 확장, 실적/펀더멘털 장세 진입 기대 강화 * 26년 연간 전망과 투자전략, 유망 업종/종목에 대한 자세한 내용은 11월말 ~ 12월초 발간 예정 - 4분기 단기 등락, 과열해소, 매물소화 국면은 비중확대 기회 PBR 측면에서 21년 고점에 도달, 단기 밸류에이션 변곡점에 진입. 2010년 이후 ROE/PBR Matrix 기준 적정 PBR에서 가장 멀리 벗어나 있는(고평가) 상황 120일(경기선), 200일(추세선) 이동평균선과 이격도 또한 00년 이후 +2표준편차(과열권)를 넘어 21년 고점에 근접. 단기 OverShooting 국면 진입 이미 금리인하 기대가 충분히 선반영된 상황에서 미국의 셧다운 장기화, 연방 공무원 대량 해고 등은 경기 불확실성을 자극할 수 있음 - 올해 KOSPI 상승 주도 업종은 선행 EPS 상승 기여도가 높은 업종. 다만, 3,900선까지 레벨업된 KOSPI 수준을 감안할 때 가격 메리트를 통해 매매타이밍 가늠 이익 주도력과 가격 메리트 모두 보유 업종: 2차전지(IT가전, IT하드웨어, 철강), 자동차, 보험, 은행, 필수소비재. 현재 가격대부터 모아가는 전략 유효 이익 주도력은 강하지만, 가격 메리트가 약한 반도체, 은행은 과열해소, 매물 소화 국면 이후 점진적으로 비중을 늘려가는 전략 유리 - 단기 순환매 대응에 있어서는 실적 대비 저평가 영역에 위치한 디스플레이, 증권, 호텔/레저, 은행 중심의 단기 트레이딩 제안 55450_KOSPI_Target_Update.pdf",25.10.27,2025-10-27 21:58:03,2025-10-27 21:58:03,36715
투자정보,,,"트럼프 APEC 일정 공식 발표. 코스피 3,900 돌파",대신증권,https://finance.naver.com/research/invest_read.naver?nid=36716&page=1,"[Key Point] 미중 협상 공식 발표에 환호한 시장 - 백악관은 트럼프 대통령의 아시아 순방일정을 공식 발표. 30일 시진핑 주석과의 정상회담 일정이 공식적으로 확인되었고, 10월 29일 이재명 대통령과의 회담 또한 진행될 예정 - 중국 신화통신 또한 시진핑 주석의 10월 30일 ~ 11월 1일 APEC 회의 참석과 방한 일정을 발표 - 글로벌 증시는 하루 전 미중 정상회담 무산 우려로 인한 하락분을 만회하며 상승 전환. 위험자산 투자심리가 개선되면서 아시아증시 일제히 상승, 코스피는 3,900선 안착 - 한편, 한미 무역협상에 대해서는 정상회담 일정 공식 발표에도 기대감과 우려가 교차 - 전일 이재명 대통령의 인터뷰에 이어 김정관 산업부 장관의 국정감사 답변에서 APEC에서 관세협상이 타결될 수 있을지 예단하기 쉽지 않다는 우려 유입 - 장중 원화 약세로 한때 달러-원 환율이 1,440원에 다시 근접했으나 외국인, 기관의 동시 순매수 지속 55444_Strategy_Daily_251024_251024173913.pdf",25.10.27,2025-10-27 21:58:03,2025-10-27 21:58:03,36716
투자정보,,,이번 주 포커 s,대신증권,https://finance.naver.com/research/invest_read.naver?nid=36717&page=1,"시장 주도 테마 1: 전력설비 - AI 확산에 따른 데이터센터의 전력 소비량 증가 수혜 - 미국, 유럽, 중동 등 해외 시장 점유율 확대 통한 성장 동력 확보 55441_POCUS_251027_251024165135.pdf",25.10.27,2025-10-27 21:58:03,2025-10-27 21:58:03,36717
투자정보,,,[다음주 시장은?] 모두가 기다려온 10 월의 마지막 불..,대신증권,https://finance.naver.com/research/invest_read.naver?nid=36718&page=1,"주요 이벤트가 집중된 한 주, 리스크 관리와 동시에 변동성을 활용 가능한 기회 - 최근 코스피는 10월을 3,500선을 돌파하며 시작한 뒤 주요 지수대를 연이어 돌파. 글로벌 증시의 숨 고르기 국면에서도 코스피는 조정이 나타날 때마다 저가매수세 유입과 양봉 패턴이 반복되며 글로벌 증시를 아웃퍼폼 - APEC 정상회담과 트럼프 대통령의 29~30일 방한 일정, 한미 무역협상과 미중 정상회담 성사 여부가 다음주 증시 향방을 결정. 한국은 무역협상 타결 기대에도 3,500억 달러 투자 우려로 환율 변동성 확대. 협상 결과에 따른 달러-원 환율의 하락 안정 여부가 외국인 수급의 흐름을 결정할 것으로 예상 - 미중 정상회담 또한 글로벌 투자자들이 주목하고 있는 이벤트. 트럼프 대통령이 공개적으로 방한 일정을 확인한 만큼 중국 시진핑 주석과의 정상회담 없이 빈 손으로 돌아갈 가능성은 낮은 것으로 판단. 다만, 선반영된 협상 기대가 우려 요인 - 30일은 FOMC가 예정되어 있으며 10월 추가 금리인하는 기정사실화. 연준의 QT종료 시점과 12월 추가 금리인하 전망이 관전 포인트. 미국 정부 셧다운으로 시장은 CPI 물가만을 확인한 채 FOMC에 대비하게 되었음. 연준의 성명문과 파월의 인터뷰에서 시장은 추가 금리 인하, QT종료 등 통화정책에 대한 단서를 찾아야 할 것. 동시에 불확실한 경기상황에 대한 다양한 해석 여지는 시장이 유의해야 하는 포인트 - 미국에서는 29일 마이크로소프트, 알파벳, 메타, 30일 애플, 아마존 등 빅테크 실적 발표가 다음주에 집중되어 있음, 28일 유나이티드 헬스, 다수의 중소형 금융, 소비재 기업들 또한 실적발표 예정. 최근 AI 버블에 대한 우려와 미국의 부실대출 우려, 소비 기업들의 관세영향 등을 확인. 우려하는 문제가 없다면 중장기 상승 동력이 될 것 - 국내에서는 27일 한화오션, POSCO 홀딩스, 28일 삼성바이오로직스, 삼성SDI, 29일 SK하이닉스, 두산에너빌리티, 30일 삼성전자, LG에너지솔루션, KB금융 등 주요 기업들의 실적발표 집중. 최근 상승에서 기대감을 선반영한 주도 종목들의 실적이 시장의 눈높이 충족 여부와, 2차전지, 바이오 등 저평가 업종의 펀더멘털 확인 가능 - 최근 코스피는 연준의 유동성과 무역 협상, AI 산업 등 기대감을 모두 선반영 하면서 12개월 선행 P/E 11.5배까지 상승. 이는 3년 평균의 +1Std로 밸류에이션 재평가 국면에 진입, 그러나 1년 평균 기준은 +2Std까지 상승. 리스크 관리가 필요한 상황. - 동시에 다음주 이벤트 확인 과정에서 나타나는 변동성은 비중확대 기회가 될 것. 최근 글로벌 금융시장에서 급등 자산의 차익실현 움직임 관측. 코스피에서도 주도주 차익실현과 동시에 저평가 또는 쉬어 가던 업종으로 수급 이동이 나타나고 있음에 주목. 2차전지와 조선/방산이 대표적. 다음 펀더멘털 대비 소외된 업종으로 필수소비재, 소매/유통, 미디어/교육, 소프트웨어 등을 순환매 관점에서 접근 제안 55431_Strategy_Weekly_251024.pdf",25.10.27,2025-10-27 21:58:03,2025-10-27 21:58:03,36718
투자정보,,,일본마켓 레이더 Weekly,대신증권,https://finance.naver.com/research/invest_read.naver?nid=36719&page=1,"“10월 5주차 전략” 다카이치 내각, 11월 대규모 경기 부양책을 준비하다 - 다카이치 내각이 우여곡절 끝에 출범했다. 여자 아베로 불릴 만큼 아베노믹스를 계승한 확장적 정책 기조를 이어갈 것으로 예상되며, 실제 다음 달 13조 9,000억 엔 규모의 경기 부양 패키지를 준비 중이다. - 이번 경기 부양 패키지의 3가지 화살은 1. 물가 대응, 2. 성장산업 투자, 3. 국가 안보 강화로 물가 대응 측면에서 휘발유세 한시 폐지, 성장산업 투자 측면에서 중소기업 지원을 위한 지방정부 보조금 증액, AI와 반도체 등 전략 성장 산업에 대한 투자 확대, 국가 안보 강화 측면에서 방위비 증액과 방위력 강화를 추진한다. - 일본 정부는 22년 12월 3대 안보 문서를 개정, 27년 회계연도(27.4월~28.3월)에 방위비를 GDP 대비 2%로 늘리기로 했다. 현 25년 회계연도 기준, 방위비는 GDP의 1.8%까지 오른 상태에서, 다카이치 내각은 향후 추가경정예산 등으로 방위비를 추가 증액해 GDP 대비 2% 달성 시점을 25년 회계연도로 앞당긴다는 계획이다. - 29~30일 10월 BOJ 금정위를 앞두고 다카이치 내각 출범으로 BOJ는 금리 인상을 두고 속도 조절에 나설 것이다. 일본은행은 올해 1월 금리 인상 후 5회 연속 동결 중이다. 지난해 자민당 총재 선거에서 BOJ 금리인상을 반대한다는 의사를 명확히 한 바 있는 다카이치 총리 발언을 감안하면 BOJ는 다카이치 내각의 재정 정책 방향을 확인한 뒤 향후 금리 인상 시점을 모색할 것으로 예상된다. - 과거 신임 총리 취임 후 가장 빠르게 금리를 올린 사례는 올해 1월로 이시바 총리가 취임한 후 3개월이 경과된 시점이었다. 궁극적으로는 새로운 총리 집권 이후 경제정책 방향성을 가늠하는 시간이 필요해 일본은행이 서둘러 금리를 올리기는 쉽지 않을 것이다. 10월 BOJ 금정위의 금리 동결 결정은 엔화 약세, 주가 상승으로 연결되는 이벤트가 될 것이다. 55449_Japan_Weekly_1027.pdf",25.10.27,2025-10-27 21:58:03,2025-10-27 21:58:03,36719
투자정보,,,일본 마켓 레이더 Daily,대신증권,https://finance.naver.com/research/invest_read.naver?nid=36720&page=1,"미국 트럼프 대통령 아시아 순방 일정 발표 10.23 일 캐롤라인 레빗백악관 대변인이트럼프 대통령의 아시아 순방 일정을 발표. 현지시간 기준26 일 말레이시아 총리와의 회담,27~28 일 다카이치 사나에신임 총리와의 회담, 29 일 부산에서 이재명 한국 대통령과의 회담, 30 일 시진핑 국가 주석과의 회담 일정을 발표. 55435_Japan_Daily_251024.pdf",25.10.27,2025-10-27 21:58:03,2025-10-27 21:58:03,36720
투자정보,,,더 글로벌 레이더 Weekly,대신증권,https://finance.naver.com/research/invest_read.naver?nid=36721&page=1,"“10월 5주차 전략” 새롭게 등장하는 호재가 만연. 증시는 더 달리고 싶다 - 10월 글로벌 증시는 미중 무역전쟁 재점화, 미국 셧다운이라는 불안요인보다는 미국 3/4분기 어닝시즌 및 10월 금리 인하 기정사실화, 아베노믹스 시즌 2를 알리는 일본 다카이치 내각 출범, 4중 전회를 통한 부양책 기대가 커지는 중국, 메모리 가격 상승세에 따른 반도체국(대만, 한국) 강세 등에 힙입어 Risk-On 국면이 지속 중이다. - 10월 말 APEC이라는 굵직한 이벤트를 앞두고 새롭게 등장하는 호재가 만연해, 10월 말로 갈수록 미국 주도의 글로벌 증시의 상승세는 강화될 것이다. - 첫 번째 호재는 미국과 인도, 캐나다간 무역협정 체결이 임박한 점이다. 인도는 러시아산 원유 수입을 점진적으로 축소하고, 미국산 농산물 수입 확대를 약속하면서 미국의 인도에 대한 현 관세율(50%)은 15% 수준으로 대폭 낮아질 것이다. 캐나다는 8월 미국산 제품에 대한 보복관세 대부분을 철회하는 유화 제스처를 보였고, 철강, 알루미늄, 에너지 등 첨단 핵심 산업 분야에서도 일정부분 양보를 통해 APEC에 앞서 무역 합의에 이를 것으로 예상된다. - 두 번째 호재는 일본 다카이치 내각 출범이후 첫 대규모 경기 부양책 발표가 다음 달 예정되어 있다. 책임 있는 적극 재정 기조를 바탕으로 세율 폐지 및 조정을 통한 물가 대책, 중소기업 지원을 위한 지방정부 보조금 확대, AI 등 성장산업 투자 등을 포함하면서 엔화 약세, 주가 상승을 뒷받침할 전망이다. - 세 번째 호재는 중국, 한국, 일본의 3자 통화스와프 체결 추진이다. 15일 제14차 한중일 중앙은행 총재 회의에서 3국간 논의가 일정 부분 진전되고 26~28일 아세안 정상 회의와 31~11.1일 APEC 기간 중 추가 논의가 이뤄질 여지를 남겨뒀다. 실제 체결 여부를 떠나 논의 자체만으로도 동아시아 외환시장을 안정성 있게 바라볼 수 있게 하는 요인이다. - 네 번째 호재는 11월 10일 미국의 중국에 대한 고율관세 유예 만료를 앞두고 APEC을 전후로 미국이 중국에 대한 고율관세 유예를 3개월 추가 연장하는 안을 발표할 수 있다는 점이다. 55432_Weekly_new_GS_251024.pdf",25.10.27,2025-10-27 21:58:03,2025-10-27 21:58:03,36721
투자정보,,,[IBKS Daily] Start with IBKS (2025.10.27),IBK투자증권,https://finance.naver.com/research/invest_read.naver?nid=36722&page=1,"증시 Comment (전일 아시아 증시) ▶ 한국증시 - 미-중 정상회담 기대감에 상승. 트럼프 대통령과 시진핑 주석의 회담 일정이 확정되면서 관련 불확실성 해소. 전일 미국 반도체주 강세에 반도체주 동반 강세. 삼성전자와 SK하아닉스의 시가 총액 합계는 1,000조원을 넘어서며 지수는 장 중 3,900P 재돌파. 미국 ESS 수요 급증 전망에 LG에너지솔루션 등 2차전지 관련주도 강세. 전 거래일 대비 2.50% 상승한 3,941.59P로 마감 - KOSDAQ은 외국인 및 기관의 순매수에 상승. 전 거래일 대비 1.27% 상승한 883.08P로 마감 ▶ 중국증시 - 기술주 강세에 상승. 4중전회에서 기술 자립을 강조하면서 기술주 중심으로 강세. 삼성전자와 SK하이닉스가 D램과 낸드의 가격을 인상할 것이란 소식도 호재로 작용하며 반도체 관련주 강세. 전 거래일 대비 0.71% 상승한 3,950.31P로 마감 20251027075113340_ko.pdf",25.10.27,2025-10-27 21:58:03,2025-10-27 21:58:03,36722
투자정보,,,"주가, 금리, 환율의 동반상승",한화투자증권,https://finance.naver.com/research/invest_read.naver?nid=36723&page=1,"공통분모는 원화 유동성 증가 KOSPI가 4,000p 선에 다가섰다. 밑바닥엔 원화 유동성이 증가할 것이라는 기대가 깔려있다. 올 하반기 주가, 환율, 금리가 같이 상승하고 있는 점은 특기할 만하다. 주가는 이익이 늘거나 유동성이 증가할 때 상승한다. 보통 이익이 늘면 환율은 하락하고, 유동성이 증가하면 금리는 내린다. 최근의 동반 상승은 올해와 내년 재정지출이 늘고 그러면 유동성이 더 빠르게 공급될 것으로 예상됐기 때문일 것이다. 지난 8월 M2는 전년동기대비 8.5% 증가했다. 정부의 올해 재정지출 증가율 목표가 7.1%, 내년 목표가 8.1%다. 둘이 유사한 궤적을 그려왔음을 감안하면 내년 M2 증가율은 10%를 넘을 가능성이 크다. 다음 페이지 [그림1]은 M2 증가율과 KOSPI PBR을 그린 것으로 2002년, 2008년, 2021년 유동성이 증가할 때 밸류에이션이 상승했던 경험이 있다. 2015년에도 M2 증가율이 10%를 웃돌았는데, 그 때엔 코스닥 시장이 좋았다. 10월 금융통화위원회 이후 시장금리가 하방경직성을 보이고 있는데, 배경엔 재정지출 증가에 대한 기대가 있다고 생각한다. 당사 투자전략팀은 11월 한국은행이 기준금리를 인하할 것으로 예상하고 있다. 환율도 마찬가지다. 원화가 달러대비 약한 이유는 우리나라의 M2 증가율이 8.5%로 미국보다 3.7%p 높기 때문이라고 본다. KOSPI는 10월 들어서만 15% 올랐고 시가총액 증가분의 54%를 반도체가 차지한다. 같은 기간 올해 순익 컨센서스는 반도체가 4.9조원 상향됐고 그 외 업종은 1.4조원 하향됐다. 2026년 순익 컨센서스는 반도체가 19.3조원 상향된 반면 그외 업종은 0.4조원 낮아졌다. 반도체의 상승은 근거가 있지만 다른 업종들은 약해 보인다. 반도체를 줄이고 다른 업종을 늘리는 건 좋은 선택이 아닐 수 있다. 아마도 인플레이션이 강해지면 자산을 많이 보유한 기업들의 순자산은 커지고 대체 비용이 상승하기 때문에 시클리컬 업종의 주가가 오를 것이라고 기대하는 것 같다. 순자산이 적은 바이오, 인터넷의 주가가 상대적으로 부진한 것도 같은 맥락일 것이다. 그러나 필자는 자산주 베팅은 이르다고 생각한다. 자산주는 보통 경기가 기존 사이클을 벗어날 정도로 세고 금리를 올릴때 시장의 주목을 받는다. 투자의 듀레이션이 짧아지면서 시장참가자들이 성장성보다 현재 보유한 자산의 가치에 주목하기 때문이다. 그러나 시장 컨센서스와 달리 다음달 한국은행이 기준금리를 인하하면 투자자들의 관심은 순자산이 많은 주식에서 순자산이 적은 바이오, 인터넷으로 바뀔 가능성이 높다는 생각이다. 반도체와 바이오, 인터넷을 중심으로 포트폴리오를 유지할 필요가 있다. 2025.10.27_M2.pdf",25.10.27,2025-10-27 21:58:03,2025-10-27 21:58:03,36723
투자정보,,,[Hana China Weekly] 3분기 실적 시즌 진입,하나증권,https://finance.naver.com/research/invest_read.naver?nid=36724&page=1,"CATL(300750.CH): 3Q25 실적 컨센서스 하회, 향후 ESS 증설에 따른 출하량 확대 기대 - 3Q25 매출 1,041.9억위안(YoY +12.9%, QoQ +10.6%)으로 컨센서스 15.8% 하회, GAAP 기준 순이익 185.4억위안(YoY +41.2%, QoQ +12.3%)으로 컨센서스 5.7% 하회. 재고자산은 802.1억위안(YoY +45.3%, QoQ +11.0%)으로 YoY와 QoQ로 모두 증가. 경영진은 이에 대해 1)사업 규모 확대로 운송 중인 납품 물량이 존재, 2)향후 납품에 대비해 선제적으로 재고 확보에 나선 것이라고 언급. 경영진은 ESS 수요는 강력하였으나 생산능력 측면에서 한계에 직면하여 풀가동 상태임에도 불구하고 출하량 증가가 제한적이었다고 설명. 또한, 내년 증설(헝가리, 지닝 공장) 이후에는 출하량이 긍정적으로 확대될 것이라 강조. ChinaWeekly_final.pdf",25.10.27,2025-10-27 21:58:03,2025-10-27 21:58:03,36724
투자정보,,,"[New K-ETF] 한국 증권고배당 TOP3+, KOSPI200 TR",하나증권,https://finance.naver.com/research/invest_read.naver?nid=36725&page=1,"신규 상장 ETF(10/28) - HANARO 증권고배당 TOP3 플러스, 마이티 200TR HANARO 증권고배당 TOP3 플러스: 국내 주요 증권주로 구성하는 고배당 패시브 ETF이다. 정부 정책 모멘텀과 증시 상승의 수혜 기대 가운데, 배당수익률과 자기자본 이익률이 높은 증권업종에서 주요 3개 종목의 비중을 높게 구성하는 집중형 포트폴리오의 종목이 되겠다. 코스피, 코스닥 시장에 상장된 종목들 가운데 유동성 기준(유동 주식 비율 10%↑, 시총 2천억원↑, 거래대금 10억원↑)에 맞는 증권업 분류 기업들을 편입 대상 유니버스로 한다. 이어 섹터 조건(증권 부문의 영업이익 비중 30%↑, 매출 비중 70%↑)을 충족시키는 종목의 예상 배당수익률과 직전 1년 배당 수익률의 평균치를 산출한 후 상위 15개 기업들을 추려낸다. 최종 포트폴리오의 경우, 상기 조건을 만족시킨 15개 기업들의 직전 3개 사업연도 평균 자기자본이익률(ROE)을 비교하여 높은 순서의 10개 종목을 편입하여 구성한다. 시가총액 가중방식으로 10개 종목의 편입 비중을 배분하는 가운데 6개월 평균 시가총액 기준 상위 3개 종목들은 ‘TOP3’ 포지션을 차지하게 되며, 각각 20%의 비중을 할당한다. 나머지 7개 종목에 대해서는 시총 기준의 비중 배분과 동시에 15%의 Cap Rate이 적용된다. 포트폴리오의 정기 리밸런싱은 매년 2회(5월과 11월의 마지막 영업일)에 걸쳐 진행한다. 총보수는 0.07%이다. 마이티 200TR: 국내 대표 주가지수 중 하나인 KOSPI200을 TR 방식으로 투자하는 패시브 ETF이다. 배당금을 ETF 분배금으로 지급하지 않고 재투자함으로써 과세 이연 효과를 얻을 수 있는 KOSPI200 TR(총수익) 지수 추종 종목이 되겠다. 포트폴리오의 정기 리밸런싱은 매년 2회(6월과 12월 최종거래일의 다음 거래일)에 걸쳐 진행한다. 총 보수는 0.05%가 적용된다. New_K_ETF_251028_HANARO_Mighty_200TR.pdf",25.10.27,2025-10-27 21:58:03,2025-10-27 21:58:03,36725
투자정보,,,"[New K-ETF] K-조선 TOP10, 만기매칭 금융채 액티브",하나증권,https://finance.naver.com/research/invest_read.naver?nid=36726&page=1,"신규 상장 ETF(10/28) - KODEX K조선 TOP10, KODEX 26-12 금융채(AA-이상) 액티브 KODEX K조선 TOP10: 국내 대표 조선기업 10개 종목으로 포트폴리오를 구성하는 패시브 ETF이다. MASGA(Making American Shipbuilding Great Again)로 지칭되는 미국 조선업 재건, 해군력 강화 프로젝트의 진행 과정에서 수혜가 기대되는 10개의 주요 조선 기업들을 선별하여 집중 투자하는 종목이 되겠다. 조선업의 장기 호황 전망을 고려한 ETF이다. MASGA의 키워드를 활용한 스코어링 방식을 통해 편입 종목들을 추려낸다. ‘Shipbuilding’의 키워드를 LLM 분석 엔진(Nexus)에 반영하여 0과 1 사이 실수값의 점수를 부여한 후, 절대점수가 1.0인 종목들을 편입 대상으로 한다. 이어 테마 키워드 3개(MASGA, Shipbuilding, Marine Engine)를 활용하여 상기 편입 대상 종목들 간의 상대평가를 통해 키워드 내 유사도 순위를 부여하고, ‘MASGA’ 키워드의 유사도 순위가 4위 이내인 종목을 ‘TOP 4’의 포지션으로 편입한다. 마지막으로 나머지 편입 대상 종목군에서 시가총액이 가장 큰 6개 종목들을 추가로 편입하여 최종 포트폴리오를 구성한다. ‘TOP 4’에 해당하는 종목들은 시가총액 가중방식의 기준으로 편입 비중을 결정하며, 개별 종목의 최대 비중은 22%, 4개 종목의 최대 합산 비중은 85%로 설정한다. 상장일(10/28)을 기준으로 한화오션과 HD한국조선해양, HD현대중공업, 삼성중공업이 ‘TOP 4’의 포지션에 자리하고 있다. 이와 더불어 한화엔진, HJ중공업, HD현대마린엔진, STX엔진, 한국카본, HD현대마린솔루션이 나머지 포트폴리오 구성 종목으로 편입되어 있다. 수주 모멘텀이 기대되는 대표 조선기업들과 고마진 핵심 부품인 선박 엔진 생산기업들로 구성된 포트폴리오가 되겠다. ‘TOP 4’를 제외한 6개 종목의 편입 비중은 각 키워드별 유사도 점수를 비율별로 가중 합산하여 산출된 종합점수(MASGA 50% + Shipbuilding 25% + Marine Engine 25%)를 기준으로 할당하며, 이들 종목군에 대해서는 15%의 상한 편입 비중 기준(Cap Rate)과 0.5%의 최소 편입 비중 기준이 함께 적용된다. 포트폴리오의 정기 리밸런싱은 매년 4회(3월/6월/9월/12월의 옵션만기일, 심사일은 옵션만기일의 10영업일 전)에 걸쳐 진행한다. 총 보수는 0.45%이다. KODEX 26-12 금융채(AA-이상) 액티브: 신용등급 AA- 이상의 금융채들을 포트폴리오에 편입하는 만기매칭형 금융채 ETF이다. 약 1년 1개월 만기의 채권형 종목으로, 2026년 12월이 되면 상장 폐지와 함께 자금을 돌려받는 형태가 되겠다. ‘KAP 26-12 금융채 총 수익 지수(AA- 이상)’를 비교지수로 사용한다. 2026년 11월에서 12월 사이에 만기가 도래하는 AA- 등급 이상의 금융채들(미상환 잔액 500억원↑)을 시가총액 가중방식의 비중 기준에 따라 편입한다. 동일 발행사 채권의 편입 비중이 10%를 넘지 않도록 하며, AAA 등급의 은행채 합산 비중은 20%로 제한하는 형태로 구성한다. 총 보수는 0.09%가 적용된다. New_K_ETF_251027_KODEX_Shipbuilding.pdf",25.10.27,2025-10-27 21:58:03,2025-10-27 21:58:03,36726
투자정보,,,화수분전략,하나증권,https://finance.naver.com/research/invest_read.naver?nid=36727&page=1,"2026년 전망(2): 주도업종과 주도주는 누구일까 강세장의 특징 중 하나는 주도업종이 변하지 않는다는 점이다. 주도업종의 변화는 예상치 못한 시스템 위기가 발생하고, 지수 급락 이후 새로운 상승 사이클이 시작하는 과정에서 나타난다. 1990년대 Tech 섹터 주도→ Tech 버블 붕괴(위기)→ 2000년대 투자 섹터 주도→ 글로벌 금융위기→ 2010년대 소비재 섹터 주도→ 국제 유가 급락, 중국 경기 둔화, 연준 긴축(위기)→ 2020년대 Tech 섹터 주도로 변했다. 강세장을 만든 주도업종의 공통점은 그 시대의 이익 증가를 견인한다는 점이다. 시대별로 주도주는 다르다. 하지만 주도주의 탄생과 성장 그리고 소멸은 비슷한 흐름을 보인다. ① 주도주의 탄생은 높은 투자 증가율을 기반으로 매출이 성장할 때, ② 주도주의 성장은 영업이익률 상승 및 사상 최고치를 경신할 때, ③ 주도주의 소멸은 영업이익률이 하락 전환할 때다. 위와 같은 흐름을 현재에 적용하면, 2026년 S&P500지수 내 비중 확대 업종으로는 반도체, 소프트웨어, 미디어, 기술/하드웨어, 다각화금융, 제약/바이오를 제시할 수 있다. 코스피는 위에서 제시한 S&P500지수 내 비중 확대 업종과의 매출과 영업이익률 연관성이 높고, 코스피 내 순이익 비중과 시가총액 비중 변화를 적용 시 반도체, 조선, 기계, 2차전지, 에너지, 건강관리, 방산, IT하드웨어를 2026년 비중 확대 업종으로 제시한다. 코스피 리레이팅에 대한 기대가 여전히 유효한 상황이다. 미국 증시 사례이긴 하지만 시대별 주도주 변화에 시가총액 1등 기업이 바뀌면서 지수도 리레이팅 됐다. S&P500지수의 경우 1990년대 시가총액 1위는 GE에서 마이크로소프트로, 2000년대 마이크로소프트에서 엑슨모빌로, 2010년대 엑슨모빌에서 애플로, 2025년 애플에서 엔비디아로 변했다. 정부 정책도 중요하지만, 결국 이익 규모가 가장 큰(또는 그 기대가 있는) 기업이 시가총액 1위가 될 수 있다는 기대가 있을 때 지수는 리레이팅 할 수 있다. 현재 SK하이닉스의 시가총액은 삼성전자 대비 54%다. Tech의 시대가 아니긴 했지만, 이전 POSCO의 삼성전자 대비 시가총액 비율 고점은 62%, 현대차와 기아 (합산) 비율 고점은 64%였다. 2026년 주도주 컨셉은 첫번째, 풍부한 현금을 통해 투자를 할 수 있고, 투자를 하면 매출이 증가하고 투자 수익성이 높은 기업들이다. S&P500 내 마이크로소프트, AMD, 캐터필라, GE버노바, 뉴몬트, 인튜이티브서지컬, 테슬라 등이고, 코스피 내 삼성전자, 한화에어로스페이스, 셀트리온, 삼성에스디에스, 두산밥켓, LG이노텍 등이 여기에 해당한다. 두번째, 높은 가격전가력을 기반으로 영업이익률은 사상 최고치 경신 지속하며, 영업이익률 상승 시 이익 증가 폭이 큰 기업들이다. S&P500 내 엔비디아, 알파벳, 애브비, GE, 필립모리스, RTX, 우버 등이고, 코스피 내 SK하이닉스, HD현대중공업, 한화오션, 현대로템, HD현대일렉트릭, 한국항공우주 등이 여기에 해당한다. lee_251027.pdf",25.10.27,2025-10-27 21:58:03,2025-10-27 21:58:03,36727
투자정보,,,[Quant Comment] 국내외 주간 이익 동향 체크,하나증권,https://finance.naver.com/research/invest_read.naver?nid=36728&page=1,"글로벌 이익 동향 및 실적추정치 상, 하향 종목 지난주 실적 개선 종목군 내년 실적 전망치 상향, 글로벌 실적모멘텀 지속 중. 암페놀, 데이터센터/통신인프라 및 커넥터/센서 솔루션 강세 부각. 버티브, 데이터센터/AI인프라 관련 열관리, UPS 등 핵심 디지털 인프라 제품 수요 확대. 램리서치, 반도체 장비 수요 증가 및 고급 패키징 기술력 등으로 실적 상향. 금주 목요일 실적 예정인 애플 실적 리비전 상향 크게 부각, 아이폰 17 판매 호조 및 서비스 매출 상향, AI 관련 인프라 및 인력 배치 확대 기대감 반영 또한, 금주 마이크로소프트, 알파벳, 메타 실적 예정, 추정치는 소폭 상향 정도, 클라우드 및 AI 성장 모멘텀이 주가되는 실적일 것, 또한 CAPEX 증가 등 비용 관련 이슈도 체크 필요. 반도체 및 장비 업종의 강한 이익모멘텀 부각, 해당 비중 큰 미국 및 한국, 대만 실적 모멘텀 부각 형국 EDIT_Real_Quant_251027.pdf",25.10.27,2025-10-27 21:58:03,2025-10-27 21:58:03,36728
투자정보,,,"M&M#04: 코스피, 거의 다 왔다",교보증권,https://finance.naver.com/research/invest_read.naver?nid=36729&page=1,"여전히 긍정적인 외국인 - 10월 역시 외국인 수급은 확대 지속 - 외국인 액티브 자금은 약 +5조 3,303억원, 패시브 자금은 약 +1,720억원 누적순매수를 기록 - 10/24 마감 기준으로, 총 +5조 5,023억원이 누적 유입됨 20251027_B_20250038_11.pdf",25.10.27,2025-10-27 21:58:03,2025-10-27 21:58:03,36729
투자정보,,,DS와 함께하는 Weekly TalkTalk Vol. 236,DS투자증권,https://finance.naver.com/research/invest_read.naver?nid=36730&page=1,"지난 주 Review 이재명 정부 'AI 수도' 전략, 첫 결실…뷔나 20조원 규모 투자 의향 - 글로벌 투자기업 VENA 그룹이 국내 재생에너지 전환과 AI 데이터센터 구축에 대해 약 20조원 규모의 투자의향서를 제출. 기후에너지환경부는 이번 투자를 계기로 해상풍력 보급을 가속화하고, 발전단지·전력망·AI 데이터센터를 연계하는 '에너지 고속도로(Energy Highway)' 구축 사업을 본격 추진할 계획. DS코멘트 현 정부의 AI 인프라·재생에너지 확대에 대한 국제 투자 유치가 구체화된 첫 번째 사례. 이번 VENA 그룹의 투자 의향이 실제로 얼마나 이뤄질 지는 지켜봐야겠지만 정부의 강한 탄소중립 실현 의지를 감안하면 재생에너지 확대와 AI 인프라 고도화를 향한 관련 투자들이 계속해서 구체화될 전망 DS_Weekly_Vol.236.pdf",25.10.27,2025-10-27 21:58:03,2025-10-27 21:58:03,36730
투자정보,,,Kiwoom ETF Weekly (10/27),키움증권,https://finance.naver.com/research/invest_read.naver?nid=36731&page=1,"▶ 주간 글로벌 ETF 동향 - 지난 주 美 대표 지수/ETF는 상승 마감 (SPY +1.9%, QQQ +2.2%, DIA +2.3%, IWM +2.5%). 미-중 정상회담 확정 소식과 10월 FOMC 금리인하 기대감 속 위험자산 선호 회복. 주 후반 발표된 9 월 美 소비자물가 역시 시장 예상치를 하회하며 연준의 추가 금리인하 기대를 자극. 이번 주에는 마이크로소프트, 구글, 메타, 아마존, 애플 등 빅테크 실적과 10 월 FOMC, APEC 정상회담 등 대형 이벤트 대기. 10 월 FOMC에서는 25bp 인하와 함께 향후 통화정책 방향과 QT종료 시점에 시장 관심이 집중될 전망. 뒤이어 FOMC 에서의 완화적인 통화정책 결정, APEC 미-중 회담에서 무역 협상이 진전될 경우 위험 선호심리 연장 예상. 빅테크 실적발표에서는 하이퍼스케일러들의 CapEx 추정치 상향 및 가이던스 제시 여부 등에 주목 - GICS 분류 기준 IT(XLK +3.0%), 에너지(XLE +2.4%), 산업재(XLI +2.4%), 헬스케어(XLV +1.9%) 등 상승 마감한 반면 필수소비재(XLP -0.8%), 유틸리티(XLU -0.2%) 등은 소폭 하락. 이 외 에너지-업스트림(OIH +10.1%, XES +9.8%, IEZ +9.3%), 천연가스(UNG +9.3%), 리튬/2 차전지(LIT +7.4%), 방산/우주(XAR +6.2%, ITA +5.3%, SHLD +4.9%), 클라우드(WCLD +4.9%, CLOU +4.2%), 크립토/핀테크(CRPT +4.8%, ARKF +4.7%), 제조/인프라(AIRR +4.7%), 로보틱스(BOTZ +4.7%, ROBO +3.8%), 사이버보안(BUG +4.2%), 중국 테크(CQQQ +4.1%), 은행(IAT +3.9%, KRE +3.6%, KBWB +3.6%), 자율주행/전기차(DRIV +3.7%) 등 강세 rfTP691.pdf",25.10.27,2025-10-27 21:58:03,2025-10-27 21:58:03,36731
종목분석,,동운아나텍,사업 다각화로 성장,한국IR협의회,https://finance.naver.com/research/company_read.naver?nid=87052&page=1,"■ 동운아나텍은 2006년 설립된 시스템 반도체(비메모리 반도체) 팹리스(Fabless) 기업으로, 스마트폰 카메라모듈 내에 주요부품인 OIS(Optical Image Stabilization, 광학 손떨림 보정) Driver IC 사업을 캐시카우로 두고, 전장부품 및 디지털 헬스케어 사업을 신사업으로 진행 중 ■ 투자포인트는 1) 2026년부터 전장용 반도체 신제품(Body Domain Controller, BDC) 매출 성장 기대, 2) 디지털 헬스케어 사업 성장 기대 ■ 리스크 요인은 저성장 중인 전방 산업(글로벌 스마트폰 시장)과 의료기기 제품 인허가 획득 관련 변동성 및 불확실성 251027_동운아나텍.pdf",25.10.27,2025-10-27 21:58:01,2025-10-27 21:58:01,87052
종목분석,,HS애드,AI 플랫폼과 밸류업을 통한 구조적 전환기,한국IR협의회,https://finance.naver.com/research/company_read.naver?nid=87053&page=1,"■ HS애드는 LG그룹의 종합광고기업. 2024년 기준, 동사의 사업은 제작매출 84.5%, 수입광고대행료 15.5%로 구성되어 있음 ■ 2025년 실적 기준, 동사 주가의 밸류에이션은 PER 8.3x, PBR 0.7x(ROE 8.4%) 수준. PEER 그룹(제일기획, 이노션) 평균 밸류에이션 PER 9.6x, PBR 1.0x(ROE11.4%)과 비교 시 적정 수준에 위치한 것으로 판단 ■ 동사의 주요 리스크는 ㈜LG 및 ㈜LG전자 등 특수관계자향 매출 비중이 80.2%로 매출 편중이 높다는 점 251027_HS애드(밸류업).pdf",25.10.27,2025-10-27 21:58:01,2025-10-27 21:58:01,87053
종목분석,,펄어비스,"신작 출시일 확정, 완만한 주가 상승 예상",신한투자증권,https://finance.naver.com/research/company_read.naver?nid=87054&page=1,"기대감 충분할 것, 그러나 그 후에 대한 고민 필요 신작 추가 지연으로 주가 하락. 그러나 출시 일정 확정하고 글로벌 게임쇼들 통해 마케팅 본격화함에 기대감 반영하며 완만한 주가 상승 예상 신한투자증권 리서치 탐색기",25.10.27,2025-10-27 21:58:01,2025-10-27 21:58:01,87054
종목분석,,시프트업,중국 성과에도 아쉬운 신작 공백,신한투자증권,https://finance.naver.com/research/company_read.naver?nid=87055&page=1,신작 정보를 기다리자 모바일/PC/콘솔 전 플랫폼에서의 성과에도 신작 공백기 들어서 관심도 낮아져 주가 하락. 신작 정보 공개 및 마케팅에 따라 기대감 발생 예상 신한투자증권 리서치 탐색기,25.10.27,2025-10-27 21:58:01,2025-10-27 21:58:01,87055
종목분석,,보로노이,기대가 현실로,신한투자증권,https://finance.naver.com/research/company_read.naver?nid=87056&page=1,"VRN11 임상 1상 중간 결과 상당히 고무적으로 판단 지난 23일 미국에서 열린 AACR-NCI-EORTC 2025에서 비소세포폐암 신약 VRN11의 EGFR* C797S 변이 ORR 75%, 뇌전이 CR* 2명의 상당히 고무적 1상 중간 결과 발표. 12월 ESMO asia에서 400mg 이상 유효성 발표 예정이며 이미 240mg 결과로 약효 검증이 충분히 이뤄졌다고 판단 신한투자증권 리서치 탐색기",25.10.27,2025-10-27 21:58:01,2025-10-27 21:58:01,87056
종목분석,,휴젤,파이팅 해야지(feat. Galderma),키움증권,https://finance.naver.com/research/company_read.naver?nid=87057&page=1,"외형과 마진 모두 쉬어가는 타이밍 3Q25 실적은 매출액 1,138억(YoY +8.2%, QoQ +3.2%; 컨센서스 -5.1% 하회), 영업이익 553억(YoY +3.6%, QoQ -2.4%, 영업이익률 48.6%; 컨센서스 -7.5% 하회)으로 추정한다. 내수 시장과 국내 식약처 허가만으로도 출시가 가능한 일부 동남아, 중남미 지역에서 저가형 톡신 제품들이 판가 경쟁을 일으켜 외형 성장에 차질이 생겼다. 이에 따른 전사 분기 매출액, 매출총이익률, 영업이익률의 추정치를 각각 -7.1%, -0.5%P, -2.6%P 하향 조정했다. 톡신: 3Q25 매출액 651억(YoY +1.6%, QoQ +7.3%)으로 추정한다. 지역별로는 수출 471억(YoY +12.4%; 아시아-태평양 246억 + 북남미 171억 + 유럽 및 기타 54억), 국내 180억(YoY -21.0%)으로 분류된다. >> `25년 연간 매출액 2,360억(YoY +17.0%)을 전망한다. 중국: 수출 데이터는 3Q25 $13.6M으로 역대 최고치를 다시 한 번 경신했다. 유통사가 병원에 납품하는 vial 기준 현재 M/S 15% ▶ 3년 후 20~25%의 목표를 가지고 있고, 1인 1병 정책 및 50유닛 허가라는 특장점을 통해 목표 달성이 가능하다고 판단한다. 미국: 결론적으로 QoQ 증액된 수준의 매출액을 기록할 것이다. 수출 데이터 상으로도 역대 2번째로 많은 물량이 집계되었다. 또한, 지난 23일에 발표한 Galderma의 실적을 보면 미국에서 통할 톡신 브랜드는 외형 성장에 큰 무리가 없음을 확인할 수 있었다. 브라질: 신규 파트너사 Derma Dream향 초도물량 선적이 8월에 진행된 것을 수출 데이터를 통해 확인할 수 있었다. 이미 진행해봤던 브라질 톡신 사업이고, 이전보다 개선된 이미지 등을 통해 빠르게 시장에 침투할 수 있을 것이다. 유통사의 병원 납품 vial 기준, 3년 후 M/S 20%를 달성할 전망이다. 국내 및 마이너 시장: 2Q25에 이어 여전히 동사 제품 대기 판가가 최대 70%까지 낮은 톡신 물량이 많아지며 경쟁이 치열해지는 양상이다. rfCR11634.pdf",25.10.27,2025-10-27 21:58:01,2025-10-27 21:58:01,87057
종목분석,,이노스페이스,우주로 향하는 첫걸음,신한투자증권,https://finance.naver.com/research/company_read.naver?nid=87058&page=1,"한국 민간 우주 기업 중 처음으로 상업 발사 예정 2024년 7월 공모가 43,300원에 상장. 첫 상업 발사 지연과 지속된 자금 조달로 주가는 하락. 지연 끝에 11월 한국 민간 우주 산업에서 처음으로 상업 발사 확정. 2단 인증 7월, 1단 9월에 모두 통과 후 우주청 허가를 받아 최종 발사만을 앞둔 상황. 소형 발사체는 중대형 대비 궤도 접근성이 높고 발사 대기시간이 짧기 때문에 상업화만 가능하다면 수요는 명확 신한투자증권 리서치 탐색기",25.10.27,2025-10-27 21:58:01,2025-10-27 21:58:01,87058
종목분석,,메리츠금융지주,실적보단 차기 주주환원 정책이 주요 변수,신한투자증권,https://finance.naver.com/research/company_read.naver?nid=87059&page=1,"컨센서스 부합 예상, 새로운 주주환원정책에 관심 필요 오는 3분기 실적발표 컨퍼런스 콜에서 차기 주주환원 정책 발표 예정. 기존 정책의 체계와 일관성이 확립된 만큼 구조적 변화 가능성은 낮음. 다만, 최소 주주환원율(50%)을 추가 상향할 경우 적정 기업가치 재평가 가능. 현행 수준 유지 시에도 자본의 복리효과를 통한 구조적 이익 성장과 20%대 ROE 유지 가능할 전망이나, 시장 여건 고려 시 단기 투자 매력은 제한적. 중장기 관점에서 접근 필요하며 조정 시 매수 기회로 활용 필요 신한투자증권 리서치 탐색기",25.10.27,2025-10-27 21:58:01,2025-10-27 21:58:01,87059
종목분석,,포스코인터내셔널,미국에서 희토류 및 LNG 공급망 확장성 가속..,iM증권,https://finance.naver.com/research/company_read.naver?nid=87060&page=1,"탈중국 희토류 공급망 확대 등을 기반으로 신규수주 증가 뿐만 아니라 미국 생산 거점 확보로 성장성 가속화 되면서 밸류에이션 리레이팅 될 듯 희토류의 경우 중국이 전 세계 생산의 68%, 정제·가공 시장에서 92%를 점유하고 있을뿐만 아니라 네오디뮴 영구자석의 경우 시장의 92%를 차지하고 있다. 이러한 환경하에서 미국과 중국 간 패권전쟁이 관세에서 핵심 전략자산 희토류로 옮겨가면서 중국에서 희토류 수출 통제 강화를 공식화 하고 있는 중이다. 이렇게 희토류에 대한 공급망 리스크가 현실화 되는 가운데 동사의 경우 현재까지 북미·호주·아시아 업체들과 개별 접촉해 25개사와 희토류 채굴부터 영구자석 제품화, 사용 후 재활용까지 전 과정을 하나의 순환 고리로 연결하는 협력 체계를 구축하였다. 이로 말미암아 동사는 지난해 3월 북미 글로벌 완성차 기업과 7,700톤(약 9,000억원) 규모의 영구자석 공급 계약을 체결했으며 올해 들어서는 유럽 프리미엄 완성차 브랜드에도 800톤(약 2,600억 원)을 공급하기로 하는 등 중국 원료를 쓰지 않는 영구자석 총 8500톤 규모의 수주 잔액을 확보하였다. 또한 지난 9월에는 탈중국 희토류 공급망 등을 기반으로 미국의 한 전기차 업체와 전략적 장기 공급 협력 계약을 체결하고 총 300만 대 규모(약 6,000억원)의 구동모터코어를 공급하기로 하였다. 구동모터코어의 경우 전기차 배터리의 전기에너지를 운동에너지로 전환하는 부품으로 전기강판·영구자석 등이 소재로 쓰이는데, 이 중 영구자석은 네오디뮴·프라세오디뮴 등 희토류를 사용한다. 이러한 환경하에서 지난 9월 동사는 미국 리엘리먼트테크놀로지스와 희토류 공급망 강화를 위한 업무협약(MOU)을 체결하였다. 즉, 동사가 희토류 중간재 수급과 영구자석 생산을 담당하고 리엘리먼트는 희토류 분리·정제 및 영구자석 리사이클 기술을 제공하면서 미국 내 희토류와 영구자석 통합 생산단지 등을 구축할 예정이다. 이를 통하여 희토류 원료 확보·분리·정제 뿐만 아니라 영구자석 제조, 제조 폐기물 및 폐자석 재활용 등 모든 단계를 하나의 시설에서 진행할 수 있을 것이다. 이와 같이 탈중국 희토류 공급망 확대 등을 기반으로 신규수주 등이 증가할 뿐만 아니라 미국 생산 거점 확보로 성장성 등이 가속화 되면서 밸류에이션이 리레이팅 될 것이다. [27072953]_047050.pdf",25.10.27,2025-10-27 21:58:01,2025-10-27 21:58:01,87060
종목분석,,카카오페이,펀더멘털 개선에도 수급 부담 및 밸류에이션 ..,신한투자증권,https://finance.naver.com/research/company_read.naver?nid=87061&page=1,추가 상승 여력 제한적 실적 안정화 구간 진입했으나 올해 스테이블 코인으로 형성된 기대감이 펀더멘털 대비 과도하게 주가 상승 견인해 현 주가는 기초 체력 개선분을 이미 초과 반영한 구간. 수급 부담도 여전히 존재. 추가 상승 여력 제한적 신한투자증권 리서치 탐색기,25.10.27,2025-10-27 21:58:01,2025-10-27 21:58:01,87061
종목분석,,비에이치아이,수주확대로 실적개선 가속화 및 원전 낙수효..,iM증권,https://finance.naver.com/research/company_read.naver?nid=87062&page=1,"올해 3분기 신규수주 확대로 인한 증가된 수주잔고를 기반으로 매출 괄목할만하게 증가되면서 영업 레버리지 효과로 실적개선 가속화 될 듯 동사 올해 3분기 K-IFRS 연결기준 실적의 경우 매출액 2,025억원(+104.1% YoY, +19.6% QoQ), 영업이익 186억원(+287.5% YoY, -8.8% QoQ)으로 예상되면서 실적개선이 가속화 될 것으로 전망된다. 지난해 및 올해 신규수주가 대폭적으로 증가함에 따라 올해 2분기말 기준으로 수주잔고가 23,337억원에 이르고 있다. 이러한 환경하에서 매출액의 경우 지난해 신규수주가 매출에 본격적으로 반영될 뿐만 아니라 올해 신규수주의 경우도 일부 매출에 반영되면서 크게 증가할 것으로 예상된다. 이렇게 매출이 증가할 것으로 예상됨에 따라 영업 레버리지 효과 본격화 되면서 실적 개선이 가속화 될 것으로 예상된다. [27073206]_083650.pdf",25.10.27,2025-10-27 21:58:01,2025-10-27 21:58:01,87062
종목분석,,현대코퍼레이션,"쉬어가는 실적, 커지는 몸집",신한투자증권,https://finance.naver.com/research/company_read.naver?nid=87063&page=1,"역풍 속 돌파구: 판매지역 다변화, 사업 다각화 글로벌 무역 장벽 강화, 주요 메이커 현지화 확대 등 비우호적인 환경 지속. 호주법인 연결 편입, 자동차 부품업체 시그마 인수 등 지속적인 외형 확장 움직임, 글로벌 네트워크를 통한 판매지역 조정으로 타개 기대 신한투자증권 리서치 탐색기",25.10.27,2025-10-27 21:58:01,2025-10-27 21:58:01,87063
종목분석,,후성,LiPF6 가격 급등과 미국향 계약,유진투자증권,https://finance.naver.com/research/company_read.naver?nid=87064&page=1,"턴어라운드 기조 유지, 실적 달성 가시성 높아져 후성은 3분기 매출액, 영업이익은 각 1,222억원, 영업이익 65억원으로 전년대비 흑자전환 기조를 유지할 것으로 예상된다. 중국과 국내의 LiPF6 사업 적자는 지속되고 있으나 냉매와 국내 반도체 가스의 견조한 이익 창출과 자회사 한텍의 미국발 실적 호조가 이어지고 있기 때문이다. 최근 LiPF6 스팟 가격이 상승세로 전환하고 있는 것을 감안하면 동사 실적에 대한 가시성인 높아지고 있다. 올해 후성의 LiPF6 향 영업적자 규모는 약 300억원으로 추정하고 있으나, 내년부터 적자 폭이 크게 줄어들고 2027 년에는 흑자전환 가능성이 높다. 20251027_093370_bhh1026_1251.pdf",25.10.27,2025-10-27 21:58:01,2025-10-27 21:58:01,87064
종목분석,,HD현대일렉트릭,3Q25 NDR 1일차 후기: 성장 포텐셜 뿜! 뿜!,대신증권,https://finance.naver.com/research/company_read.naver?nid=87065&page=1,"3Q25 NDR 1일차 내용 요약: 수요 급증, 지역/제품 다변화, 협상력 강화 10/24, 10/27,10/28 3일간 3Q25 실적 관련 NDR을 진행 중. NDR 1일차의 주요 내용은 다음과 같음 [관세] 3Q25 관세는 100억원(2Q25 200억원) 수준. 일부 환입 받음. 현재 관세는 기존 수주잔고의 경우 50% 이상 전가되고 있으며, 신규 수주의 경우 대부분 전가 가능 [수주] 3Q25 수주는 12.12억달러(+71%, 이하 YoY)이며, 지역별로는 북미 7.63억달러(+192%), 유럽 1.64억달로(+169%), 중동 0.78억달러(-47%) 등임. 중동 수주가 줄어든 이유는 수요 감소 때문이 아님. 변압기 생산슬롯을 2025년 들어 가장 고성장하고 있는 유럽으로 할당에 따른 것임. 중동은 리드타임이 짧은 GIS(고압 차단기) 등을 중심으로 대응하고 있음. GIS의 수익성이 빠르게 상승 중임 [초고압 변압기 리드타임] 주요 고객인 유틸리티를 중심으로 2030년까지 생산슬롯(생산능력 증설 및 램프업 반영)이 사전에 할당되어 있지만, 실제 계약은 납기 25~30개월 이전에 이루어지고 있음. 최근에는 30개월 내외 수준으로 이루어지고 있어, 3Q25 수주금액의 대부분은 '28년에 매출이 발생함. [AI데이터센터향 공급, 배전기기] AI데이터센터향 직접계약 건도 있지만, 대부분 중간 벤더사를 통해 단납기 중심으로 이루어지고 있음. AI데이터센터향 물량은 아직 미미한 상황임. 향후 중압 전력기기(변압기, 차단기 등), 배전기기 등의 공급 확대가 가능할 것으로 기대함. 특히 최근 중저압 차단기의 미국 UL 인증 제품 수 증가, 4Q25 국내 중저압 차단기 생산능력 증설(연간 2500억원에서 5,000억원, 영업 및 램프업 감안 시 2030년 100% 가동) 등을 통해 배전기기 경쟁력을 강화하고 있음 [미국 765kV 전력기기, 유럽 친환경 GIS] 미국에서 텍사스와 중서부 동부를 중심으로 765kV 송전망 수요가 증가하고 있음. 9월에 미국에서 765Kv 전력기기 2,788억원을 수주했으며, 2026년 추가 수주 기대. 전 세계에서 765kV 전력기기 공급이 가능한 업체는 동사를 포함 10여개 사에 불과함. 유럽에서는 규제 강화(26년부터 24kV 이하 SF6 또는 GWP > 1 F-가스가 포함된 스위치기어 신규설치 금지. 30년부터 24~52kV, 32년부터 145kV 이상 설치 금지)로 인해 SF6-Free GIS 수요가 증가하고 있음. SF6-Free GIS는 현재 동사를 포함한 4개 업체만 생산 가능 [국내 HVDC] 국내에서 서해안 에너지고속도로(8GW) 등 전압형 HVDC 시장 확대 예상. 동사는 세계 HVDC 1위 업체인 Hitachi Energy와 HVDC 사업제휴를 통해 대응할 예정임. 구체적인 제품 및 기술 제휴 등은 아직 정해진 바 없음 [추가 증설] 추가 증설을 고려 중임. 초고압 변압기 증설은 미국, 한국 모두 인력 확보가 가장 큰 문제임. 인력 확보 방안이 마련된 이후 증설 여부 결정될 수 있음. 다만, GIS는 변압기 대비 인력 투입이 크지 않아 상재적으로 증설이 쉬울 수 있음 55446_HDELEC_3Q25_NDR_251025120510.pdf",25.10.27,2025-10-27 21:58:01,2025-10-27 21:58:01,87065
종목분석,,삼성중공업,FLNG 도크 점유율 상승으로 이익 개선세 Boos..,대신증권,https://finance.naver.com/research/company_read.naver?nid=87066&page=1,"투자의견 매수 유지, 목표주가 30,000원으로 25% 상향 2025년 3분기 매출액은 2조 6,348억원으로 전분기 대비 2% 감소했지만 영업이익은 2,381억원으로 전분기 대비 +16.1% 증가, OPM은 9.0%로 전분기대비 +1.4%p 개선. 이익 개선은 저선가로 수주한 컨테이너선 마지막 호선을(22년도 이전 물량 비중 40% 미만) 25년 9월에 인도 완료하며 매출 인식이 종료됨과 더불어 FLNG의 매출액이 증가한데에 기인. 임단협으로 일회성비용 400억원 발생했지만 3분기 인도 호선의 예비비 증가, 시운전 코스트 절감 등의 효과로 상쇄됨 55434_SHI_Results_Comment_F.pdf",25.10.27,2025-10-27 21:58:01,2025-10-27 21:58:01,87066
종목분석,,대덕전자,"3Q/4Q, 수익성 개선 빠르다. 밸류에이션 재평..",대신증권,https://finance.naver.com/research/company_read.naver?nid=87067&page=1,"투자의견 매수(BUY) 유지, 목표주가 40,000원 상향 2025년 3Q 영업이익은 234억원(154% yoy/1154% qoq)으로 종전 추정(124억원)을 88.7% 상회, 컨센서스(146억원)를 60.3% 상회 등 깜작 실적을 전망. 또한 4Q 영업이익도 238억원(흑전 yoy/1.9% qoq)으로 컨센서스(191억원)을 상회 등 기대 이상의 실적을 예상. 2025년과 2026년 주당순이익(EPS)을 종전대비 각각 65.3%, 24.9% 상향, 목표주가를 40,000원(2026년 목표P/E 20.9배, 실적 회복기 상단평균)으로 상향(54%). 투자의견은 매수(BUY) 유지. 최근 주가 상승 부담으로 조정을 기대하였으나 2025년 하반기(3Q&4Q), 2026년 실적 상향으로 추가적인 주가 상승을 예상. 투자포인트는 55440_3Q25_Preview_DaeduckE_251027.pdf",25.10.27,2025-10-27 21:58:01,2025-10-27 21:58:01,87067
종목분석,,세아베스틸지주,"당장은 어렵지만, 내년은 다르다",대신증권,https://finance.naver.com/research/company_read.naver?nid=87068&page=1,"투자의견 매수, 목표주가 33,000원 상향(+22.2%) 목표주가는 12MF BPS 55,910원에 타깃 PBR 0.59배 적용. 타깃 PBR은 ’25, ‘26E 평균 ROE를 기준으로 PBR-ROE 방식으로 산출한 이론 PBR을 적용 55428_Besteel_Earnings_Preview_251024.pdf",25.10.27,2025-10-27 21:58:01,2025-10-27 21:58:01,87068
종목분석,,스튜디오드래곤,시청률을 보면 주가가 보인다,대신증권,https://finance.naver.com/research/company_read.naver?nid=87069&page=1,"투자의견 매수(Buy), 목표주가 64,000원 유지 목표주가 64천원은 잔여이익평가모형(RIM)을 이용하여 산출 12M FWD EPS 1,479원에 PER 43배 적용 수준. 최근 5년 PER 평균 하단 47배 55430_251024_SD.pdf",25.10.27,2025-10-27 21:58:01,2025-10-27 21:58:01,87069
종목분석,,티에프이,26년 실리콘 포토닉스 수혜 본격화 기대,하나증권,https://finance.naver.com/research/company_read.naver?nid=87070&page=1,"3Q25 Preview: 실적 상승세 지속 25년 3분기 매출 274억원(YoY +59%, QoQ +9%), 영업이익 45억원(YoY +1092%, QoQ +6%, OPM 17%)을 기록할 전망이다. 주요 고객사의 메모리 소켓 물량 호조가 지속되고 있으며 다수 고객사의 R&D 수요가 지속 증가하고 있는 것으로 파악된다. 다만 일부 매출이 4분기로 이연되었으며 원활한 R&D 대응을 위한 인력 확보 및 인프라 구축을 위한 비용 증가로 기존 추정치 대비 매출액과 영업이익은 소폭 하향 조정했다. 전방 수요 개선으로 메모리 소켓 물량 증가 추세는 26년까지 지속될 것으로 예상되며 주요 파운드리 고객사향 R&D 물량 확대 또한 중장기 실적에 긍정적으로 작용할 전망이다. TFE_251027.pdf",25.10.27,2025-10-27 21:58:01,2025-10-27 21:58:01,87070
종목분석,,LIG넥스원,3Q25 프리뷰: 주가 약세에도 실적은 컨센서스..,하나증권,https://finance.naver.com/research/company_read.naver?nid=87071&page=1,"목표주가 562,000원, 투자의견 매수 유지 LIG넥스원 목표주가 562,000원과 투자의견 매수를 유지한다. 3분기 실적은 시장 컨센서스에 부합할 전망이다. 상반기에 이연된 개발비 등 비용이 3분기와 4분기에 반영되고 4분기에는 내수 수주가 집중되는 계절성을 감안하면 충당금 설정 가능성도 있다. 이러한 점들을 종합하면 연중 영업이익 흐름은 상고하저가 예상된다. 과거와 마찬가지로 이번 하반기 영업이익이 상반기를 상회하기는 어려워 보인다. 다만 전년대비로 보면 매출 규모 증가와 고마진 수출 비중 상승에 힘입어 3, 4분기 영업이익은 각각 42%, 20% 성장할 전망이다. 2026년에는 수출 매출이 더 가파르게 증가하면서 높은 이익 성장세가 기대된다. 2025년 2분기 기준 수주잔고는 23.5조원으로 약 5.7년치 매출에 해당하는 일감을 보유 중이다. 현재 주가 기준 2025년 PER 32.7배, 2026년 PER 27.4배이다. LIGN_251027_3Q25Pre.pdf",25.10.27,2025-10-27 21:58:01,2025-10-27 21:58:01,87071
종목분석,,농심,반등의 서막,DS투자증권,https://finance.naver.com/research/company_read.naver?nid=87072&page=1,"3Q25Pre: 국내 중심 실적 개선 전망 농심의 3분기 실적은 연결 매출액 8,698억원(+2% YoY), 영업이익 451억원(+20% YoY, OPM 5.2%)으로 시장 기대치(OP 452억원)에 부합할 전망이다. 1) 국내는 매출액 6,273억원(+2% YoY)으로 내수 스낵과 라면은 가격 인상 및 신제품 호조로 외형 성장이 기대되나 수출은 거래선 재정비 영향으로 전분기와 유사한 수준으로 부진할 전망이다. 수익성은 전년도 낮은 기저와 팜유를 제외한 주요 원부자재 가격 안정화, 매출 성장에 따른 고정비 부담 감소로 전년비 +2.2%p 개선된 5%로 회복할 전망이다. 2)해외는 매출액 2,425억원(+4% YoY)으로 중국과 일본, 호주 등은 외형 성장이 기대되나 미국은 가격 인상에 따른 판매량 감소로 부진할 전망이다. 수익성은 북미 지역 외형 부진 및 프로모션 비용 증가로 부진할 것으로 전망한다. 251027_농심_3Q25PreDS장지혜.pdf",25.10.27,2025-10-27 21:58:01,2025-10-27 21:58:01,87072
종목분석,,LG에너지솔루션,"27년 ESS 매출액, EV 상회 예상",미래에셋증권,https://finance.naver.com/research/company_read.naver?nid=87073&page=1,"목표주가 61만원으로 상향 조정. ESS 멀티플, 실적 확장 국면 LG에너지솔루션의 목표주가를 61만원으로 상향 조정한다(기존 53만원). 27년 북미 ESS 출하량 전망치를 39GWh → 45GWh로 +15% 상향 조정하였다. 동사의 27년도 ESS 사업부 매출액은 13.5조원으로 상향 조정하였으며, EV 사업부 매출액을 상회할 것으로 전망한다. ESS 사업가치를 78조원으로 상향 조정하였다. 27년 ESS 사업부 예상 EBITDA를 2.8조원 → 3.1조원으로 상향 조정하였으며 Target EV/EBITDA 역시 20배 → 25배로 상향 조정하였다. 10월 중 북미 ESS 사업 실적 추정치 및 멀티플 상향 조정의 근거가 발생하고 있다. 1) 엔비디아는 지난 13일 800V DC 데이터센터 밸류체인 구성을 발표하며, 데이터 센터의 Capex 효율을 위해 기존 ‘Optional’한 역할을 하던 ESS의 필수화를 언급하였으며, 2) Tesla 역시 3Q25 컨퍼런스콜을 통하여 ESS 수요 호조 및 북미 ESS 신규 생산능력 추가(텍사스, Megapack3, 50GWh)를 발표하였다. 실제로 동사는 다수의 AI 데이터센터 사업자 - 에너지 사업자의 밸류체인을 통하여 AI 데이터 센터 향 ESS 수주를 지속적으로 확보하고 있는 것으로 파악하고 있으며, 향후 데이터 센터와 직접 연계된(과거 UPS) ESS 영역으로의 확장도 기대된다. 향후 ESS 관련 임팩트있는 수주 및 모멘텀이 지속될 것으로 판단한다. 20251027130242420_ko.pdf",25.10.27,2025-10-27 21:58:01,2025-10-27 21:58:01,87073
산업분석,조선,,한수위: 다수의 수주 및 수주 예상 건 발표와..,SK증권,https://finance.naver.com/research/industry_read.naver?nid=42097&page=1,"다수의 수주 및 수주 예상 건 발표와 APEC 기대감 - 신조선가지수는 185.03pt(-0.30pt), 중고선가지수는 188.28pt(+0.73pt)를 기록 - HD현대중공업은 HMM으로부터 VLCC 2척을 척 당 $128.0m에 수주. 납기는 ‘27년 11월 예정 - 에버그린(Evergreen)은 14,000-TEU급 LNG DF 컨선 14척을 발주. 한국의 삼성중공업과 중국 광저우조선소에 각각 7척씩 발주할 예정이며, 선가는 공개되지 않았으나 약 $200m으로 추정되며 한국과 중국은 최소 $10m 차이 예상 - 대만 양밍(Yang Ming)은 13,000-TEU급 LNG DF 컨선 최대 7척 신조 발주를 추진 중. 양밍은 지난 9월 15,800TEU LNG DF 컨테이너선 7척을 한화오션에게 발주한 바 있으며, 해당 입찰 과정에서 중국 조선소는 배제됐었기 때문에 이번 발주 또한 한국 조선 3사와 일본, 대만 조선사의 입찰 경쟁을 예상 - 노르웨이 에퀴노르(Equinor)는 최대 4척(확정 2+옵션 2)의 174K-CBM급 LNGC 신조 발주를 추진. LNGC 건조 조선소로 한국의 한화오션을 선정했다고 전해짐 - 미국 Venture Global의 CP2 LNG 프로젝트가 미 에너지부(DOE)로부터 비 FTA 국가로의 LNG 수출에 대한 ‘최종 승인(Final Authorization)’을 획득. 해당 프로젝트에 필요한 LNGC 발주가 곧 발표될 것으로 예상 - 삼성중공업은 미국 Delfin FLNG 건조 LOA를 수령. 본계약 서명만 남은 상황으로, 올해 11월에 20억불 규모의 Delfin FLNG 1호기 수주할 것으로 전망. Delfin FLNG 2호기, 3호기 또한 삼성중공업의 FLNG 수주 파이프라인 - 삼성중공업은 조디악 마리타임으로부터 Suemax급 원유탱커 3척을 수주. 선가는 척 당 $79.5m이며, 납기는 ‘29년 3월. 이번 계약은 삼성중공업의 새로운 하도급 프로젝트 중 하나로, 베트남 PVSM 조선소에서 건조될 예정 - 외신 보도에 따르면 트럼프 미 대통령이 중국의 잠재적 위협에 대응하기 위해 ‘황금 함대(Golden Fleet)’ 개발을 추진하는 것으로 알려짐. 백악관과 미 해군 고위 관계자들이 기존 함정 구성을 대체할 함대를 만드는 초기 논의에 들어갔으며, 새로운 함대는 강력한 장거리 미사일을 탑재한 대형 전투함과 소형 호위함 등으로 구성될 예정 - 미 트럼프 대통령이 APEC 정상회의 참석을 위해 오는 29일 방한하는 가운데 국내 조선소 방문할 가능성 거론되는 중. 하워드 러트닉 미 상무부 장관이 대신 방문을 검토한다는 보도 나왔으나, 아직 최종 협의된 사항은 아닌 것으로 확인 - 캐나다 마크 카니 총리가 APEC 참석을 위한 방한 일정 중 약 60조원 규모의 신형 잠수함 구매 사업(CPSP)을 위해 한화오션 거제 조선소 방문을 약속. 해당 프로젝트는 독일 TKMS와 경쟁 중으로 1년 내 최종 사업자 선정될 전망 - HD현대중공업은 APEC 정상회의 기간 페루 국영 시마 조선소와 잠수함 사업 협약을 체결할 예정. 이는 지난 4월 잠수함 공동개발 사업 MOU 후속 절차로, 양사는 HD현대중공업의 HDS-1500를 기반으로 중형 잠수함을 건조할 계획 - APEC 기간 트럼프 미 대통령의 국내 야드 방문과 함께 이후 마스가(MASGA) 프로젝트를 기반으로 한 한-미 조선업 협력에 대한 방향성 혹은 구체적 계획이 공개될 때 마다, 추가적인 주가 상승 모멘텀으로 작용할 것으로 전망 - 현재 글로벌 함정 시장은 ①노후 함대 교체, ②지정학적 리스크 확대, ③기술 혁신, ④조선업에 대한 정책 변화 등의 요인으로 촉발된 글로벌 해군 현대화 사이클에 진입한 상황. 중장기적 관점에서 한화오션과 HD현대중공업 특수선 사업 부문의 구조정 성장 기대감에 따른 지속적인 멀티플 확장을 예상. 조선업 비중확대(Overweight) 의견 유지 20251026151728239_0_ko.pdf",25.10.27,2025-10-27 21:58:00,2025-10-27 21:58:00,42097
산업분석,조선,,"[IBKS 조선 In-Depth] 냉각의 미학, 보냉재가..",IBK투자증권,https://finance.naver.com/research/industry_read.naver?nid=42098&page=1,"1. 보냉재: 시장의 오해와 진실 오해 #1: 2028년 LNGc 슬롯, 완판 불가? 당사는 2028년 한국 조선소의 LNG 운반선(LNGc) 건조 슬롯은 실질적으로 이미 ‘완판’된 상태라 판단한다. 1) 공급 측면에서 2028년에는 고수익성의 컨테이너선 인도가 증가함에 따라 LNGc 최대 건조 능력이 기존 72척에서 65~68척으로 다소 감소할 예정이다. 2) 수요 측면에서는 미국의 CP2 LNG 액화플랜트, 모잠비크 LNG 등 현재 외신에 공개된 발주 문의만으로도 30척이 확인된다. 이에 따라 2028년 한국 조선업은 최소 66척의 LNGc를 인도할 것으로 예상된다(본문 11쪽 표 2 참조). 20251024174801540_ko.pdf",25.10.27,2025-10-27 21:58:00,2025-10-27 21:58:00,42098
산업분석,음식료,,키움 음식료 Weekly (10/27),키움증권,https://finance.naver.com/research/industry_read.naver?nid=42099&page=1,"'K라면 명성 잇는 K스낵' 농심·삼양의 차세대 글로벌 승부수 - 농심과 삼양식품이 K스낵을 차세대 성장 동력으로 선정하고 글로벌 시장 공략에 나서 - 양사는 라면에 이어 스낵까지 수출 포트폴리오를 확장해 지속 성장을 모색 - 삼양식품은 '불닭포테이토칩'을 크로거와 타깃에 이점, 농심은 케데헌과 새우깡 협업 제품 출시 rfCI5460.pdf",25.10.27,2025-10-27 21:58:00,2025-10-27 21:58:00,42099
산업분석,에너지,,GE Vernova 대형 변압기 업체 인수,SK증권,https://finance.naver.com/research/industry_read.naver?nid=42100&page=1,"Prolec GE 인수 건에 대하여 25 년 10 월 25 일, GE Vernova 는 Xignux 로부터 Prolec GE 의 잔여지분 50%를 인수하며 완전 자회사로 소유하게 되었다. 인수대금은 $5.275B 이며 50%는 현금, 50%는 부채를 조달할 계획이다. 규제 승인 등 조건에 따라 인수 완료 예상은 26 년 중반으로 내다보고 있다. Prolec GE 는 고압, 중압, 저압 전 범위에 걸친 전력기기 생산기업이다. 초기 설립은 Xignux(멕시코 업체) 계열사인 Prolec 으로 1969 년에 시작되었다. 이후 1995 년 GE 와 JV 형태로 설립되어 Prolec GE 가 출범되어 변압기 사업을 전개했다. 총 7개 사업장(북미 6 개, 남미 1 개)을 운영, 북미 위주로 영업망을 갖추고 있다 이번 인수로 인해 다음의 기대 효과가 예상된다. (제품 포트폴리오 확장) Prolec GE의 배전 변압기 제품을 추가하여 고객에게 더욱 폭넓은 솔루션을 제공할 수 있다. 구체적으로 경영진은 주거용 배전 변압기 시장이 아니라, 데이터센터 시장을 공략할 것이라는 언급이 있었다. (기존 제약 해소) 자회사임에도 불구하고 Prolec GE 는 북미 변압기 시장에 대해서 배타적인 권리를 가지고 있었다. 완전 자회사가 된 이후에는 GE Vernova 의 글로벌 생산거점을 활용하여 북미시장에 판매할 수 있게 되었다. (통합 솔루션 제공) GE Vernova 는 스위치기어, 차단기에 특화되어 있으며, Prolec GE 는 변압기 생산이 주력으로 했다. 인수 이후에는 이를 결합한 통합 솔루션을 제공하여 고객 가치를 증대시킬 수 있게 되었다. 20251024154107850_0_ko.pdf",25.10.27,2025-10-27 21:58:00,2025-10-27 21:58:00,42100
산업분석,제약,,Kiwoom Healthcare 종합정리 (10/27),키움증권,https://finance.naver.com/research/industry_read.naver?nid=42101&page=1,"지난주 주요 뉴스 및 특이사항 코멘트 ▶ 제약/바이오 - 보로노이 차세대 폐암표적항암제, 타그리소 내성 환자에서 ORR 75%(10/24) EGFR 표적 치료를 받은 비소세포폐암 C797S 내성 환자 4명 중 3명에서 종양이 30% 이상 감소하는 PR 확인 임상 1a상 단계인 VRN11은 10㎎부터 순차적으로 증량해 현재 400㎎ 이상까지 투여, 고용량도 내약성 유지 - 아이맵·에이비엘바이오, ‘지바스토믹’ 위식도암 1상 단독요법 ORR 18%(10/23) 평균 3차 이상 치료받은 환자 대상…DCR 49%, mOS 7.49개월 확인 2026년 1분기 병용요법 임상1b상 톱라인 발표 후 글로벌 임상2상 진입 예정 - Merck Padcev+Keytruda 및 ‘Keytruda QLEX' 조합 근침윤성 방광암 대상 우선심사 부여(10/23) 근침윤성 방광암 환자에서 수술 전후로 투여하는 Padcev(엔포투맙)+Keytruda, SC ‘Keytruda QLEX’ 각각에 대해 FDA 우선심사 획득 근거는 KEYNOTE-905 등 3상 데이터로, 보조·신보조 설정에서 생존·무재발 지표 개선을 뒷받침 - 지투지바이오, 200% 무상증자(1주당 신주 2주) 결의(10/22) 무상증자 비율 200%(기존 1주당 신주 2주)로 의결, 투자자 접근성 및 거래활성화 일환 추진 무증으로 발행되는 신주는 1083만9,044주, 신주와 기존 발행주식을 합치면, 전체 주식 1625만 8,566주 - Takeda, 중국 Innovent Biologics과 최대 $11B 규모 암 치료제 라이선스 계약(10/22) 중국 Innovnent Biologics로부터 PD-1/IL-2 이중항체 IBI-363 및 ADC IBI-343 등 물질의 권리를 도입 선지급 $1.2B, 마일스톤 최대 $10.2B 규모의 빅딜을 체결, IBI363은 고형암 2상 진행 중, 글로벌 3상도 예고 - 에스티팜, ALLINI 기전 ‘피르미테그라비르’ HIV 2a 중간분석에서 항바이러스 효능 확인(10/21) IDWeek 2025(애틀랜타)에서 투여 11일차 HIV-1 RNA 15.5~35.7배 감소 등 중간효능 제시 내년 상반기 최종결과 예정, 기존 ISTI와 다른 ALLINI 기전으로 내성 이슈 차별화 목표 - 룬드벡, 부광약품 자회사 콘테라파마와 RNA 신경질환 치료제 공동 개발(10/20) RNA 기반 신규 올리고뉴클레오타이드 치료제 개발 위해 전략적 공동 개발 협약 체결 콘테라파마는 룬드벡으로부터 선급금과 R&D 비용 지원받을 예정, 임상 개발과 글로벌 상업화는 룬드벡이 주도 rfCI5461.pdf",25.10.27,2025-10-27 21:58:00,2025-10-27 21:58:00,42101
산업분석,철강금속,,Steel Weekly (10월 4주차),iM증권,https://finance.naver.com/research/industry_read.naver?nid=42102&page=1,"[철강] 중국, 여전한 수급 부진. 4 중 전회 개최에도 변화 없는 철강 가격 글로벌 철강/비철금속 업종 주가 전반적 강세, 전반적 상품 가격 강세 영향 1) 유가 급등 및 CPI 예상치 하회로 인한 금리 인하 기대감 확산. 이에 따른 상품 가격 강세가 주가 강세 배경 2) 다만 중국 철강사 주가는 부진. 특별한 내용 없는 4중 전회 등 정책 모멘텀 둔화 영향 [27073658]_251768.pdf",25.10.27,2025-10-27 21:58:00,2025-10-27 21:58:00,42102
산업분석,반도체,,2026년 부각될 신기술에 주목해야 할 시점,IBK투자증권,https://finance.naver.com/research/industry_read.naver?nid=42103&page=1,"What’s New 9월 15일 반도체 소부장 섹터 주목. <소재를 깔고 부품, 장비로 알파를 찾자>, 10월 14일 <장비 상승 여력이 더 매력적!> 이후 3번째 코멘트로 반도체 소부장 투자 사이클은 이제 섹터를 한바퀴 돌고 잠시 숨을 고르며 섹터 전반에 대한 상승보다는 특정 기업들에 대한 쏠림이 나타날 가능성이 있는 것으로 전망된다. 2026년 부각될 신기술에 주목해야 할 시점.pdf",25.10.27,2025-10-27 21:58:00,2025-10-27 21:58:00,42103
산업분석,기타,,3Q25 Preview: 꺾이지 않는 무기 수요,키움증권,https://finance.naver.com/research/industry_read.naver?nid=42104&page=1,"전반적인 이익 개선 흐름 유효 커버리지 방산 5사의 3분기 실적은 대체적으로 방산 부문의 수출 사업 확대에 따른 매출 성장과 이익 개선으로 호실적을 전망한다. 다만, 일부 업체의 경우 자회사의 실적 부진, 납품 지연과 매출 인식 순연 등의 영향으로 부진한 실적이 예상된다. 대규모 공급 계약이 체결되었던 폴란드 지역을 중심으로 해외 매출이 늘어나는 한화에어로스페이스와 현대로템은 큰 폭의 실적 성장세가 지속될 것으로 전망한다. 이 외에 LIG넥스원, 한화시스템, 한국항공우주의 경우 내년 또는 내후년부터 해외 매출이 본격적으로 늘어나며 매출 성장과 이익 개선이 두드러질 것으로 판단한다. 다만, 한화시스템은 자회사인 필리조선소의 투자 비용 증가로 손실이 누적되고 있다. 한국항공우주는 국내 납품 지연과 해외 사업 매출 인식 순연으로 이번 분기 매출이 감소하며 부진한 실적이 예상된다. rfCI5462.pdf",25.10.27,2025-10-27 21:58:00,2025-10-27 21:58:00,42104
산업분석,유틸리티,,APEC 이후 MANUGA와 K-원전,유진투자증권,https://finance.naver.com/research/industry_read.naver?nid=42105&page=1,"- APEC 정상회의를 앞둔 지금, 한미 간 협상은 에너지 안보, 핵연료 공급망 재편, 산업 역할 분담을 한꺼번에 묶은 패키지 딜 국면에 진입했다. 미국은 러, 우 전쟁 이후 핵연료를 전략자산으로 보기 시작했고, 러시아 의존에서 벗어나 서방 연합의 독자적 밸류체인 구축을 추진 중이다. 이 과정에서 원전 산업 부흥을 위해 웨스팅하우스(WEC)를 앞세워 러시아(VVER) 원전 영향권 국가들까지 공급망으로 끌어오려 하고 있다. Vogtle 원전 코스트오버런 사례에서 볼 수 있듯 미국의 시공 역량을 감안 시, MANUGA(Make America Nuclear cooperation Great Again)를 통해 이를 달성할 가능성이 존재한다. 언론에 의하면 MANUGA는 한국의 원전 건설·기자재·운영 경험을 미국 신규 원전 프로젝트에 직접 투입하고, 미국은 원전 인프라 재건과 에너지 안보를 달성하는 구상안이다. 이는 한국이 단순 수 출국을 넘어 미국의 원전 생태계 복원 파트너가 될 수 있다는 뜻이다. 관세와 3,500억 달러 투자 요구가 결론이 안난 상황에서 협상의 해결책으로 활용될 수 있다. 이번 APEC이 그 출발점이 될 것이라 기대되고 있다. - 한국은 미국에 일본과 유사한 수준의 농축·재처리 권한을 요구하고 있다. 기존 한미 원자력협정은 한국의 상업적 재처리와 자체 농축을 제약해 왔기 때문에, 한국이 해외에 원전을 수출하더라도 연료 공급부터 폐기물 처리 패키지를 독자적으로 제안하기 어려웠다. 반대로 러시아 Rosatom은 이 패키지를 무기로 삼아 중동·동유럽·신흥국 등에서 영향력을 행사해 왔다. 또한 한국은 이를 통해 사용후핵연료 저장 시설 포화 문제를 해결하고 SMR에 필요한 HALEU(High Assay Low Enriched Uranium, U235 농도가 5~20%)에 대응할 기회가 생길 수 있다. - 물론 WEC와의 노이즈는 여전히 존재한다. WEC는 미국 회사지만 캐나다 브룩필드(51%)와 카메코(49%)가 지분을 보유하고 있기 때문이다. 그러나 미국 정부는 이 구조를 CFIUS(외국인투자위원회) 심사로 승인했고, 이는 WEC가 실질적으로 미·캐나다 공동 전략 자산이라는 의미를 내포한다. 미국이 원전 생태계를 완전히 국유화하기보다 북미 동맹 축으로 묶어 관리한다는 뜻이기도 하다. 실제로 한수원과 WEC 합의의 실질적 영향이 시장 구획에 불과하다는 분석도 많다. 미국·서유럽 등에서는 WEC가 전면에 서고 한국은 동반자로 들어가며, 중동·동남아·일부 동유럽 등에서는 한국이 전면에 나서는 방식으로 역할이 정리되었다는 것이다. - 만약 MANUGA와 재처리·농축 재량 확대가 양국 정상 레벨에서 어느 정도라도 합의·명문화된다면, 이는 한국 원전 기업들에게는 직접적인 수혜로 이어질 수 있다. 한국은 미국이 원하는 전력 인프라 복구와 대러시아/대중국 에너지 블록을 구성하는 파트너가 되기 때문이다. 한국 기업들은 미국 신규 원전 프로젝트에 참여해 중장기 수주와 매출 파이프라인을 확보할 수 있다. 또한 북미·유럽 시장에서도 WEC와의 공동 수주 및 핵심 기자재 납품 구조가 제도화 가능하다. 결국 한국 기업들은 단순 하청이 아닌 핵심 공급자가 될 가능성이 존재한다(도표 3~6 참고). 20251027_B55_tjdgus2009_859.pdf",25.10.27,2025-10-27 21:58:00,2025-10-27 21:58:00,42105
산업분석,기타,,안녕하세요 위클리에요(로봇/방산/항공/조선)..,유진투자증권,https://finance.naver.com/research/industry_read.naver?nid=42106&page=1,"What’s new? - 로봇 산업 주요 이슈 & 스터디 시리즈(100) [업그레이드 되는 해외 휴머노이드] - 테슬라가 3Q25 실적 발표에서 3세대 옵티머스 공개 시기를 언급. 내년 1분기경 공개 예정이며, 작업성 개선을 위한 핸드 업그레이드가 예상됨. 내년 이후 본격적인 양산 개시 전망. 백만대 규모 양산 라인 구축 계획. 이와 함께 중국 산화 인텔리전스가 테슬라로부터 액츄에이터 조립 9천억원 규모의 계약 체결 보도가 있었음. 내년에도 본격적인 휴머노이드 초도 양산기 진입하면서 부품 밸류체인 주목 전망. - 같은 주, 중국 유니트리는 H1의 업그레이드 버전 H2를 공개. 더 유연한 동작을 선보임. 애지봇도 징링 G2을 출시. 노에틱스는 200만원짜리 휴머노이드를 공개. 중국 로봇 기업들의 빠른 속도감은 놀라울 뿐. - 당면한 국내 로봇 모멘텀은 (1) 11월 로보월드 개최 (2) 12월 레인보우로보틱스 신사옥 완공 (3) 26년 1월 CES, (4) 26년 상반기 유니트리 상장 등. 20251027_B2030_syyang0901_277.pdf",25.10.27,2025-10-27 21:58:00,2025-10-27 21:58:00,42106
산업분석,반도체,,Triple-Year Double-Digit Growth Ahead,유진투자증권,https://finance.naver.com/research/industry_read.naver?nid=42107&page=1,"Intel 3Q25 주요 Q&A Q. 파운드리 부문에 대해 낙관적인 이유가 협업/지분투자로 인한 것인지, 수율 등과 같은 기술 개선으로 인한 것인지? A. 소프트뱅크가 AI 인프라 전반을 구축하고 있다는 점에서 파운드리 캐파가 많이 필요할 것. 18A·14A 공정 수율 또한 분명한 진전을 이루고 있음. Q. 파운드리 파진이 올라가면 제품 마진에는 어떤 영향이 있을지? A. 파운드리 측면에서는 분명히 GPM 개선을 볼 것으로 기대. 18A 와 같이 보다 최첨단 제품 믹스로 이동함에 따라 가격·원가 구조가 더 우수한 제품들이 있어 마진에 기여할 것 Q. 서버/컨슈머 CPU 의 공급 부족의 원인이 무엇인지? A. 공급 부족은 사업 전반에서 발생하고 있음. 클라이언트의 경우 더 많은 캐파를 증설할 계획은 없으므로 수요가 더 높아지면 기존 재고로 대응하는 것 이외에는 방법이 없음. 파운드리 측면에서는 패키지 기판 병목이 크다고 보고되고 있음. 올해는 전반적으로 수요가 강할 것으로 보이며, 내년까지도 이 추세는 지속될 것으로 보임. Q. 2026 년까지 수요가 공급을 초과할 것이라고 언급했는데, 클라이언트까지 포함되는지? A. 두 시장 모두 포함됨. 다만 현재 서버 시장에서 보다 구체적으로 집중하고 있음. 공급 부족은 1 분기에 가장 극심할 전망이며, 연말에 걸쳐 개선될 것. Q. 미국 정부, 엔비디아 등의 투자로 확보된 현금의 투자 방향성? A. 우선 부채를 줄이는 것에 집중할 계획. 이번 분기에는 43 억 달러의 부채를 상환했으며, 내년에는 만기 부채도 모두 상환할 계획. 케팩스의 경우 고객의 수요가 확실해질 경우에 한해 집행할 것. Q. 18A 의 수율이 과거 성공적인 제품들 대비 어느 수준인지? 그리고 상반기에 총마진에 어떻게 반영될 지? A. 수율은 적정 수준의 마진을 창출할 수 있는 수준은 아니며 내년 말까지 그 수준에 도달할 것. 그 이후에는 업계에서 수용 가능한 수준에 이를 것으로 예상. 현재 14A 가 18A 대비 성능과 수율이 우수함. 20251027_B45_swlee6591_1035.pdf",25.10.27,2025-10-27 21:58:00,2025-10-27 21:58:00,42107
산업분석,미디어,,신한 플랫폼 Weekly(엔터/미디어/인터넷/게임..,신한투자증권,https://finance.naver.com/research/industry_read.naver?nid=42108&page=1,"엔터/미디어/레저 - 셀온 발생, 내년 실적 중심으로 접근할 때 - 엔터는 단기 모멘텀이 부재한 가운데, 10월 APEC에 앞서 셀온 물량 출회하며 주가 약세였으나, 3Q25 하이브 외 엔터3사 양호한 실적 기대감 반영해 지난주 주가 반등 포착. 내년 실적 및 아티스트 라인업을 중심으로 접근해야할 때. 하이브 신인 산토스 브라보스(라틴) 데뷔 콘서트 티켓 매진 등 반응 뜨거우며, JYP엔믹스 이번 컴백 첫 1위 달성으로 저연차 부진 우려 일부 해소되어 긍정적. 미디어는 흥행 기대작 드라마 다수 포진. ‘폭군의 셰프’의 높은 시청률과 호평을 ‘태풍상사’가 이어받고 있으며, 사회적 공감대가 큰 웹툰 원작 ‘김부장’(콘중앙) 및 이정재/임지연 주연 신작 ‘얄미운 사랑’(드래곤) 공개를 앞두고 순항 예상 - 레저는 9/29 중국인 무비자 시행 후 오히려 셀온 발생. 연내 주가 수익률이 높았던 만큼 다른 업종에 수급 일부 뺏긴 상황. 그러나 선행지표인 제주 입도 외국인 일일 통계 상, 매주 토요일 1만 명 이상(10/3주차 1.5만명, 4주차 1.2만명) 입국. 구조적 인바운드 성장 확인. 관련 업종 전반에 걸쳐 지속적인 관심 필요 신한투자증권 리서치 탐색기",25.10.27,2025-10-27 21:58:00,2025-10-27 21:58:00,42108
산업분석,기타,,ADEX 2025에서 K-방산의 앞날을 보고 왔습니..,유진투자증권,https://finance.naver.com/research/industry_read.naver?nid=42109&page=1,"성공에 취하지 않는 K-방산 - 서울 국제 항공우주 및 방위산업 전시회(ADEX) 2025가 성황리에 개최. 35개국 600개 업체 참여하고(국내 409개, 해외 191개), 총 449억 달러 규모의 수주 상담을 진행(2023년 294억 달러 대비 +53%). 해외 귀빈 86명(국방장관, 합참의장 등), 정부간 회의(GtoG) 63건, 정부-기업(GtoB) 회의 753건, 기업간 미팅(BtoB) 1,500건 수행한 것으로 파악됨. - 전시회 방문을 통해 확인할 수 있었던 점은, (1) 국내 방산 업체들의 다변화되는 제품 라인업, (2) 무인 체계 등 기술 발전, (3) KF-21 플랫폼 확보에 따라 무장 등 주변 체계 개발 확산 흐름. 현재 주력 아이템인 K-9, K-2 등에서 그치지 않고, 천무/미사일 체계 등 신규 수출 아이템 발굴 노력 인상적. 20251027_B2030_syyang0901_278.pdf",25.10.27,2025-10-27 21:58:00,2025-10-27 21:58:00,42109
산업분석,지주회사,,정부정책과(상법·세법개정) 주식시장 상승의..,대신증권,https://finance.naver.com/research/industry_read.naver?nid=42110&page=1,"투자의견 비중확대 유지, Top-Pick은 두산, Second Picks SK, LG 제시 지주회사에 대한 투자의견 비중확대를 유지하며, 주식시장 상승에 따른 자회사들의 지분 가치와 NAV 증가를 반영하여 목표주가를 상향 조정 정부 정책의 수혜로 지주회사에 대한 할인율이 축소될 가능성이 높지만, 최근 주식시장 상승에 따라 자회사들의 지분가치가 증가하여 할인율을 축소하지 않아도 대부분의 지주회사의 NAV가 증가. 할인율 축소에 대한 부분까지 감안할 경우 지주회사들의 상승여력은 충분. 당사가 적용하고 있는 Target 할인율은 대부분 50% 이상인데, 30%로 Target 할인율 축소를 가정하면 신규로 제시하는 목표주가 대비로도 18%~100% 추가 상승하기 때문(관련 내용은 2p 표 1, 2를 참고). 55448_Holdings_3Q25.pdf",25.10.27,2025-10-27 21:58:00,2025-10-27 21:58:00,42110
산업분석,IT,,상승 분위기는 예상보다 강하다,대신증권,https://finance.naver.com/research/industry_read.naver?nid=42111&page=1,"반도체(삼성전자와 SK하이닉스), 삼성전기의 주가는 역사적 신고가 기록 삼성전자와 SK하이닉스의 2026년 실적 상향이 진행되면서 주가는 역사적 신고가를 경신하고 있다. 고대역폭 메모리(HBM)의 매출 및 비중 증가로 믹스 효과가 예상된 가운데 범용 디램의 가격 상승이 2025년 4Q 및 2026년 상반기에 진행될 것으로 전망이 상향되었다. 반도체 업종의 상승 분위기와 삼성전자의 파운드리에서 2026년 턴어라운드(테슬라의 자율주행 반도체 수주, 2026년 갤럭시S26에 엑시노스 AP 적용 전망) 가능성이 높아져 삼성전기의 주가도 역사적 고점을 경신하였다. 또한 LG전자도 2025년 3Q 실적이 양호한 가운데 인도법인의 성공적인 IPO로 1.8조원의 현금유입이 전망되면서 상승을 보였다. 반도체 중심에서 전기전자, 대형 IT 기업으로 주가 상승의 확산이 예상된다. 금주에 2025년 3Q 실적 발표가 진행, 컨센서스 상회 및 4Q /2026년 실적도 컨센서스 상회 전망을 예상한다. 실적 개선과 2026년 밸류에이션 저평가를 반영하면 주가 상승의 부담은 존재하나 추가적인 상승 여력은 존재한다. 비중확대를 유지한다. 55452_it_weekly_mmb_251027.pdf",25.10.27,2025-10-27 21:58:00,2025-10-27 21:58:00,42111
산업분석,게임,,[IBKS Daily] 인터넷/게임,IBK투자증권,https://finance.naver.com/research/industry_read.naver?nid=42112&page=1,"위메이드맥스, 오픈월드 액션 RPG '프로젝트 탈' 첫 트레일러 공개 - 위메이드맥스는 개발 자회사 매드엔진이 제작 중인 신작 오픈월드 액션 RPG '프로젝트 탈(TAL)'의 첫 공식 트레일러를 공개 - 프로젝트 탈은 독창적인 세계관을 중심으로 싱글 플레이의 깊은 몰입감과 전략·전술적 재미를 동시에 구현한 오픈월드 기반의 트리플 A급 정통 액션 RPG 20251027074152557_ko.pdf",25.10.27,2025-10-27 21:58:00,2025-10-27 21:58:00,42112
산업분석,조선,,"HD현대, 한국 최초로 미 군수지원함 사업에 ..",IBK투자증권,https://finance.naver.com/research/industry_read.naver?nid=42113&page=1,"HD현대-헌팅턴잉걸스 ‘상선 및 군함 설계, 건조 협력에 관한 합의각서(MOA) 체결 10/26일 HD현대는 미국 최대 방산 조선 업체인 헌팅턴잉걸스와 ’상선 및 군함 설계, 건조 협력에 관한 합의각서(MOA) 체결했다. 이번 협약을 통해 HD현대는 미 해군이 추진 중인 차세대 군수지원함 설계와 건조에 한국 최초로 참여했다. 양 사는 이번 협력을 계기로 미국 내 조선 생산 시설 인수 또는 신규 설립에 공동 투자하기로 합의했다. 주원호 HD현대중공업 특수 선사업부 사장은 “미 해군이 발주하는 사업에 대한 공동 참여, 미국 내 선박 생산 거점 확보를 위한 투자 등 한국과 미국의 대표 방산 조선 기업 간 실질적 협력 사례이며, 한국의 첨단 조선 기술과 미국의 방산 시장 경쟁력이 강력한 시너지를 낼 것으로 확신한다 ”고 언급했다. 20251027072851477_ko.pdf",25.10.27,2025-10-27 21:58:00,2025-10-27 21:58:00,42113
산업분석,은행,,8월 연체율: 중소기업에서 slow down,한화투자증권,https://finance.naver.com/research/industry_read.naver?nid=42114&page=1,"국내은행 8월 말 연체율 0.61%(+8bp YoY)로 상승 - 국내은행의 2025년 8월 말 원화대출 연체율(1개월 이상 연체 기준)은 0.61%(+8bp YoY)로 상승 (그림 1~6) - 법인 중소기업 연체율은 0.97%(+13bp YoY), 자영업자 연체율은 0.78%(+8bp YoY)로 상승. 이는 2023년 1월 이후 가장 낮은 상승폭. 변동성이 높은 대기업 연체율도 0.15%(+10bp YoY)로 상승했으나 여전히 절대적으로 낮은 수준 - 가계 연체율은 0.45%(+5bpYoY)로 상승 속도가 꾸준히 유지되고 있음. 신용 등 일반대출은 0.92%(+10bp YoY), 주택 대출 연체율은 0.30% (+4bp YoY)로 전월과 같은 YoY 상승폭을 기록 20251024 은행 8월 연체율.pdf",25.10.27,2025-10-27 21:58:00,2025-10-27 21:58:00,42114
산업분석,건설,,"현대건설, 미국 원전 시장 문을 열었다",IBK투자증권,https://finance.naver.com/research/industry_read.naver?nid=42115&page=1,"현대건설, 미국 AI 전력 인프라 시대 여는 첫 대형원전 FEED 진입 현대건설은 미국 페르미 아메리카(Fermi America)와 미국 내 대형원전 4기에 대한 FEED(기본설계, 전체 공사 계약 금액 확정을 위한 견적 산출 절차) 계약을 10.24 (금)에 체결하였다. 이는 국내 기업으로서 미국 원전시장 진입의 첫 공식적 성과인 점에서 전략적 의미가 크다고 판단한다. 이번 프로젝트는 단순 원전 건설을 넘어, 원전, SMR, 가스, 신재생이 결합된 11GW급 복합 에너지 단지로, 향후 AI 데이터센터와 연계되는 차세대 전력 인프라 구축 모델의 시험대 역할을 한다. 즉, 미국 내 에너지 믹스 기반 AI 인프라 사업으로, 민간 주도 전력망과 AI산업이 결합된 새로운 에너지 생태계의 전환점이라 평가한다. 20251026184726703_ko.pdf",25.10.27,2025-10-27 21:58:00,2025-10-27 21:58:00,42115
산업분석,게임,,"실적 시즌 전 주요 사항, 내년을 준비할 때",하나증권,https://finance.naver.com/research/industry_read.naver?nid=42116&page=1,"크래프톤, 네오위즈 Top Pick 유지 게임 산업은 지수 상승 랠리에서 소외되어 있다. 1) 타 산업 대비 업황 개선이 뚜렷하지 않고 2) 경쟁 심화에 따라 기업별 편차가 확대되고 있으며 3) 흥행 산업의 특성상 내년 실적에 대한 가시성도 높지 않기 때문이라 해석한다. 통상적으로 11월은 내년 라인업에 대한 정보를 확인할 수 있는 시기이다. 3분기 실적 발표, 지스타에서 각 게임사들의 신작 라인업 및 전략 공개 기대한다. 게임 섹터에 대한 투자 의견은 기존과 같다. 대형주 Top Pick: 크래프톤, 중소형주 Top Pick: 네오위즈 유지한다. 커버리지 내 3분기 실적은 다소 밋밋하다. 컨센서스 상회를 기대할 수 있는 종목은 네오위즈이며 전 분기 대비 이익 성장이 예상되는 종목은 크래프톤이다. 네오위즈는 매 분기 추정치가 상향되는 이상적인 흐름을 보이고 있어 긍정적이다. 3분기 영업이익은 201억원(+211.4%YoY, +8.3%QoQ)으로 추정한다. [브라운더스트2]의 2주년 업데이트 이연 매출 반영, 흥행 지속과 인디게임 신작 [셰이프 오브 드림즈]가 50만장 이상 판매된 영향이다. 2026년 DLC 등 대형 신작은 부재하나 [킹덤2], [안녕 서울: 이태원편], [킬 더 섀도우] 출시 예정이고 [P의 거짓] 지속적인 판매, [브라운더스트2] 성장 가능성 높다. 이익 안정성을 갖춘 상태에서 [P의 거짓] 후속작 포함 PC/콘솔 라인업 5종 공개를 기다릴 수 있어 편안한 구간이라 판단한다. 크래프톤의 3분기 영업이익은 3,559억원(+9.7%YoY, +44.6%QoQ)으로 추정한다. 3분기 PC 콜라보 3종의 효과, 모바일 트래픽 상승에 동반한 매출 증가를 반영했다. 최근 EA의 [배틀필드6]가 역대급 흥행을 거두며 PC에서 경쟁 심화에 대한 우려가 대두되고 있으나 주요 지역은 북미이고 장르의 차이가 있기에 영향은 제한적이라 판단한다. 지난 2년간 평균 접속자수가 +70% 이상 증가한 만큼 숨고르기 구간으로 해석하며 2026년 PAYDAY 모드, UGC 베타 출시로 재차 성장 기대 가능하다. [화평정영]을 포함한 모바일 트래픽은 텐센트의 실적발표를 통해 반등 확인되고 있다. 이번 지스타에서는 [팰월드 모바일]을 최초 공개 예정이다. 2024년 1월 출시된 포켓페어의 [팰월드]가 누적 플레이어 3,200만명을 돌파한만큼 모바일 역시 글로벌에서 유의미한 성과 전망한다. Game_20251027.pdf",25.10.27,2025-10-27 21:58:00,2025-10-27 21:58:00,42116
산업분석,은행,,답답하지만 건전한 기간 조정의 흐름으로 판..,하나증권,https://finance.naver.com/research/industry_read.naver?nid=42117&page=1,전주 주요 뉴스 기사 정리 - 정부가 조정대상지역과 투기지역의 디딤돌대출을 예산이 아닌 전액 은행자금으로 하라고 지시. 규제지역 정책대출은 나랏돈 취급이 원칙이었는데 10·15 부동산 대책으로 해당지역이 서울 및 과천·분당으로 확대돼 자금 부담을 은행에 전가한 조치 - 민주당은 내년부터 금융·보험업 수익금에 부과하는 교육세율이 0.5%에서 1.0%로 오르는 점을 고려해 인상분을 가산금리에 전가할 수 없도록 은행법 개정안을 수정할 계획. 보증 관련 출연금도 제한했으나 교육세는 제외돼 있어 이를 보완하는 조치 - 정부가 2028년까지 정책금융기관이 지방에 공급하는 자금 규모를 24조원 증액하기로 결정. 산은·기은·신보·기보에 ‘정책금융지방 공급 확대 목표제’를 실시하며 올해 40% 수준인 정책금융 공급 비중을 2028년까지 45%로 높이는 것이 일차적인 목표 - 5대 은행에 따르면 올해 하반기 들어 10월 17일까지 중소기업대출이 7.7조원 순증. 이는 올해 상반기 증가액의 4배에 달하며 정부의 생산적 금융 기조에 부응하는 결과. 다만 중소기업의 부실 여신이 빠른 속도로 불어나고 있다는 점은 부담으로 지적 Bank_Weekly_20251027.pdf,25.10.27,2025-10-27 21:58:00,2025-10-27 21:58:00,42117
산업분석,에너지,,대러 제재 강화가 주가 반등의 트리거,하나증권,https://finance.naver.com/research/industry_read.naver?nid=42118&page=1,"Weekly Issue: 대러 제재 강화가 주가 반등의 트리거 ▶ 총평 - 정제마진 13.0$/bbl(WoW -0.7$). 석유화학 혼조. Top Picks S-Oil, 대한유화, KCC, 금호석유화학, 롯데정밀화학 Petchem_Refining_Weekly_20251027.pdf",25.10.27,2025-10-27 21:58:00,2025-10-27 21:58:00,42118
산업분석,철강금속,,중국 조강 생산 감소세 지속 전망,하나증권,https://finance.naver.com/research/industry_read.naver?nid=42119&page=1,"철강금속 주요 지표 동향 - 국내 철강가격(원/톤) 열연 유통가: 82만원(WoW, 0.0%), 열연 수입유통가: 75만원(WoW, 0.0%), 철근 유통가: 68만원(WoW, -2.9%), 후판 유통가: 92만원(WoW, 0.0%) - 해외 철강가격(달러/숏톤, 위안/톤) (1 Short Ton=907kg)* 미국 열연 유통가: 845달러(WoW, 0.0%), 중국 열연 유통가: 3,311위안(WoW, +0.2%), 중국 냉연 유통가: 3,867위안(WoW, -0.2%), 중국 철근 유통가: 3,156위안(WoW, -0.7%) - 원재료 가격(달러/톤, 원/톤, 달러/톤) 중국 철광석 수입가: 103달러(WoW, 0.0%), 한국 스크랩가: 37.5만원(WoW, 0.0%), 호주 원료탄(FOB): 187.5달러(WoW, 0.0%) - 주요 비철금속(LME) 및 귀금속 가격(달러/톤, 온스) 전기동: 10,937달러(WoW, +3.3%), 아연: 3,213달러(WoW, +4.6%), 연: 1,980달러(WoW, +2.7%), 니켈: 15,167달러(WoW, +1.6%), 금: 4,118달러(WoW, -1.7%), 은: 48.6달러(WoW, -3.0%) - 국내 철강 유통가격: 성수기 불구, 수요 여전히 부진, 특히 철근은 과열 경쟁까지 이어지며 가격 급락 - 중국 철강 유통가격: 4중전회 이후 뚜렷한 수요 회복 신호 부진으로 전반적으로 약세 지속 - 산업용 금속가격: 미달러 강세 불구, 중국 4중전회 이후 부양책 기대감으로 큰 폭 상승. 귀금속 가격은 약세 전환 Steel_Weekly_1027.pdf",25.10.27,2025-10-27 21:58:00,2025-10-27 21:58:00,42119
산업분석,기타,,ESS 키워드에 집중,하나증권,https://finance.naver.com/research/industry_read.naver?nid=42120&page=1,"데이터 포인트 해석 및 투자 전략 : LG에너지솔루션과 중소형주 - 테슬라의 3분기 ESS 설치량은 12.5GWh로, YoY +81%, QoQ +30% 증가했다. 3분기까지 누적 설치량은 32.5GWh로, YoY +60% 증가했다. 미국의 Green Backlash 기조 속에서도 건설 기간이 짧은 재생에너지원에 대한 수요 증가, 데이터센터의 부하 조정 수요 증가가 맞물리며 ESS 설치 수요 역시 지속 증가하고 있다. - 북미 + LFP + ESS 키워드에 가장 부합하는 기업은 LG에너지솔루션과 엘앤에프다. 2026년 4분기부터는 삼성SDI도 관련 수혜가 시작된다. 특히 셀 메이커들은 AMPC로 인한 추가 이익이 있다는 점에서 관련 수혜가 더 크다. 해당 기업들의 경우 2027년부터는 전기차의 부진을 ESS로 상당부분 메꿀 수 있을 것으로 판단한다. - 물론, 이들 역시 전기차 시황 부진으로 인해 2026년 실적 전망에 대한 리스크가 여전히 존재한다는 점에서 한계가 있다. 그러나 2026년 실적 가이던스가 제시되는 2026년 1월 말 이전까지는 단기 악재(전기차)보다 미래 기대감(ESS)에 주가가 더 민감하게 반응할 가능성이 높다. 배터리 섹터 버블이 한창이던 시기에는 선제적인 매도로 리스크 대응이 필요했다면 지금은 2년만의 반등 국면이므로 short으로 대응하는 것이 더 리스크가 크다고 판단한다. - 이에 수급 논리까지 더해지고 있다. 시가총액 1,000조에 달하는 반도체 Top 2를 기관들이 수급 rule로 인해 추가 매수하기 어려운 상황에서, 앞서 언급한 ESS 논리가 맞물리며 당분간은 배터리로의 수급 이동세가 지속될 가능성이 높다. - 가장 수혜 확고한 LG에너지솔루션의 경우, 2분기 실적발표 당시 새롭게 확인한 ESS 성장 근거를 바탕으로 도출했던 트레이딩 밴드의 최상단(105조원)에 도달했다는 점에서 단기 상승 탄력은 둔화될 수 있다. 다만, ESS 수혜 가장 크다는 점 고려할 때 주가 하방 리스크 역시 제한적이다. LG에너지솔루션은 시장 비중만큼 채워두되 추가 엣지는 ESS 수혜가 있으면서 주가 상승 여력 남아있는 중소형주에서 찾는 것이 적절하다. 엘앤에프는 여전히 상승 여력 남아있다고 판단된다. 이외 LFP 관련 제품군 보유한 부품 및 소재 중소형 주들 역시 추가 기회가 있을 것으로 판단한다(관련 종목 : 한중엔시에스, 탑머티리얼 등). Battery_Weekly_2025.10.27.pdf",25.10.27,2025-10-27 21:58:00,2025-10-27 21:58:00,42120
산업분석,반도체,,거침없는 질주,하나증권,https://finance.naver.com/research/industry_read.naver?nid=42121&page=1,"데이터 포인트 및 주간 리뷰: 메모리 가격 상승폭 확대 - 10월 20일까지 영업일 평균 메모리 수출 금액은 전년동월대비 69% 증가한 5.2억 달러를 기록했다. 구체적으로 DRAM의 영업일 평균 수출 금액은 전년동월대비 104% 증가한 1.9억 달러를 기록했고, NAND는 전년동월대비 58% 증가한 3,479만 달러를 달성했다. 황금 연휴 영향으로 영업일수가 짧았음에도 불구하고, 타이트한 메모리 수급에 의한 메모리 가격 상승이 확인되고 있는 것으로 추정된다. - Trend Force에서 25년 4분기 계약 가격 전망치를 재차 상향했다. 상향 조정의 배경에는 CSP들로부터 추가 주문을 받으면서, DRAM 가격이 전분기대비 20% 이상 인상되는 과정이 반영된 것으로 보인다. 구체적으로 PC DRAM의 Blended ASP는 기존 3~8%에서 18~23%로 상향됐고, Server향은 기존 5~10%에서 15~20%로 상향됐다. Mobile향 또한 LPD5와 LPD4 모두 기존 8~13%, 15~20%에서 20~25%, 18~23%로 상향됐다. 종합적으로 Conventional DRAM은 기존 8~13%에서 18~23%로 상향되었고, HBM의 Blended ASP도 기존 13~18%에서 23~28%로 상향됐다. - 코스피 지수는 5.1% 상승하며 3주 연속 양호한 흐름이 이어졌다. 삼성전자 주가는 0.9% 상승에 그치며 2주 연속 지수를 하회했다. SK하이닉스 주가는 9.6% 상승하며 3주 연속 지수를 상회했다. 일반 DRAM 가격 중심으로 상승하는 구간에서도 SK하이닉스 주가가 상대적으로 양호한 이유는 삼성전자와 달리 전사 실적이 온전히 메모리에 노출되어 있기 때문으로 판단된다. - 하나증권 커버리지 소부장 업체들은 코스닥 지수의 반등과 함께 대체로 양호한 주가 흐름을 시현했다. 지난 주에 이어 브이엠의 주가가 10.1% 상승하며 아웃퍼폼을 크게 했다. 지난 주에 쉬었던 테스의 주가 역시 6.4% 상승하며 반등에 성공했다. 이는 지속 언급하고 있는 것처럼 SK하이닉스의 M15X 및 1c 나노 전환 투자에 대한 기대감 때문으로 추정된다. 연말/연시에 관련 수주 공시가 나올 것으로 예상되는데, 그 이전까지 장비 업체들에 대한 투자전략은 여전히 유효하다고 판단한다. Weekly_Roko_251027.pdf",25.10.27,2025-10-27 21:58:00,2025-10-27 21:58:00,42121
산업분석,IT,,2025년 10월 넷째 주 IT Weekly,교보증권,https://finance.naver.com/research/industry_read.naver?nid=42122&page=1,"교보증권 리서치 코멘트 - 반도체, 2차전지 섹터 주가 강세 속 코스피 4,000pt 목전 - 이번주 삼성전자, SK하이닉스 등 실적 슈퍼 위크에 따른 AI 업종 등 실적 기대감 형성 - 미국 CPI 하회로 인한 통화완화 기대감 - 반도체 4Q25 가격 상승 전망과 수출 데이터 및 현물가 상승폭 확대 지속 - 아이폰 17 판매량 호조, PC 교체 수요 기대감에 따른 IT 섹터 온기 지속 20251027_B45_20190031_439.pdf",25.10.27,2025-10-27 21:58:00,2025-10-27 21:58:00,42122
경제분석,,,"10/27, Kiwoom Morning Letter",키움증권,https://finance.naver.com/research/economy_read.naver?nid=12571&page=1,"Comment - 24일(금) 코스피는 뉴욕증시 강세의 영향을 받아 상승 출발한 후 무역갈등 완화와 반도체 업황에 대한 기대감에 가파르게 상승해 3,941.59로 연고점 경신 마감(KOSPI 2.5%, KOSDAQ 1.27%). 개인은 2조4억원 순매도한 반면, 기관과 외국인이 각각 1조4천54억원, 5천757억원 순매수. 인공지능 및 반도체 관련 종목으로 구성된 필라델피아 반도체 지수도 2.54% 급반등하며 전날 낙폭을 회복하자 국내 반도체주 삼성전자(2.38%), SK하이닉스(6.58%)도 상승 마감하며 두 반도체주의 시총이 1천조원을 넘어선 것. 전세계 전기차 수요 부진이 완화하며 LG에너지솔루션(9.94%), 코스닥 시장에서 에코프로비엠(8.28%), 에코프로(8.34%) 등 이차전지주 강세. 미·중 갈등 완화로 아시아 증시가 일제히 상승한 가운데 메모리 중심의 호황 기대에 전·후 공정 업체 전반이 강세를 보인 영향. rfML6805.pdf",25.10.27,2025-10-27 21:57:59,2025-10-27 21:57:59,12571
경제분석,,,엇갈리는 미국과 한국의 통화정책,유진투자증권,https://finance.naver.com/research/economy_read.naver?nid=12572&page=1,"10 월 금통위 역시 동결 인하 폭과 시기 조정에 대한 기대는 합당 10 월 금통위에서는 예상대로 기준금리를 동결했다. 신성환 위원의 소수의견이 유지됐지만 3 개월 내 인하를 보는 위원의 수는 5 명에서 4 명으로 줄었다. 동결의 이유는 부동산과 환율 등 금융 안정이었으며, 부동산 가격에 대한 한은의 우려는 여전했다. 총재는 포워드 가이던스 조정 자체가 위원들이 금융 안정에 포커스를 둔 것이며, 인하 기조는 맞으나 속도와 폭이 줄어들 수 있다고 기대하는 것이 합당하다고 발언했다. 한은과 정부 모두 경기 부양보다는 부동산 진정에 대한 관심이 높은 것으로 보아 11 월 인하도 어려울 것으로 보이며, 다음 인하는 내년 1 분기로 예상한다. 부동산에 대한 한은 금통위의 입장은 명확했다. 금리로는 부동산 가격을 잡을 수 없으며, 부동산 가격 상승이 금방 꺾이지 않을 것으로 예상했다. 또한 부동산과 관련한 모든 정책 방향이 일관성 있어야 한다고 생각한다는 언급도 있었다. 이로 미루어 볼 때, 금통위는 최근 정부의 부동산 정책이 일정 수준의 효과가 나오기 전까지 금리 인하를 부담스러워 하는 듯하다. 최근 총재는 여러 공식석상을 통해 ‘인하 시그널로 부동산 시장(가격, 대출)을 자극하지 않겠다’고 밝혀왔다. 이번 회의에서는 최근 금리 인하가 성장률보다는 자산가격 상승에 더 영향을 준 것으로 보인다는 입장도 더했다. 때문에 지금으로서 한은은, 인하 기조를 열어두되 우선 인하의 시기를 조정하는 것이 최선의 대응이라고 생각하는 것으로 보인다. 인하 시기를 조정하기 위해서는 인하의 또 다른 명분인 경기 부양의 필요성이 약화되어야 한다. 중장기적으로 국내 경기가 개선세로 돌아섰다고 볼수는 없으나, 단기적으로 정책 발 내수 심리 회복, 주식시장 강세 및 반도체 분야에 치중되었으나 양호한 수출 등은 기존 한은 전망에 비해 경기 상방 요인이다. 한은도 경기 상하방 위험이 모두 증가했음을 인정했다. 지난 자료에서 다뤘듯이, 6.27 대책 이후 8 주 만에 서울 아파트 가격 상승률은 재확대 됐다. 10.15 대책과 11 월 금통위 간 시차는 6 주에 불과해 정책 효과를 가늠하기 어렵다. 경기 부양의 시급성도 떨어졌다면 한은은 얼마 남지 않은 인하 카드를 연내에 사용할 이유가 없다. 인하는 내년 1 분기로 넘어갈 것이며, 이번 인하 사이클의 최종 기준금리는 2.25%로 향후 1 번의 인하가 예상된다. 20251027_B_jnkim0526_1015.pdf",25.10.27,2025-10-27 21:57:59,2025-10-27 21:57:59,12572
경제분석,,,매크로 관점에서 바라본 한국 시장,DS투자증권,https://finance.naver.com/research/economy_read.naver?nid=12573&page=1,"한국의 재정 확대 글로벌 경기 둔화 국면 속에서 주요국은 저성장을 탈출하기 위해 확장적 재정 지출을 강화하는 흐름을 보이고 있다. 특히 한국 정부의 내년 예산안은 전년 대비 약 8% 증가할 전망이며, 이는 명목 성장률 둔화를 감안할 때 부채비율의 추가 상승을 수반할 가능성이 높다. 코로나 이후 성장잠재력이 낮아진 상황에서 재정 확대는 경기 하방을 방어하는 역할을 하겠지만, 동시에 중장기 재정건전성에 대한 우려도 커질 수 있다. 결국 재정 지출이 성장률을 실질적으로 끌어올릴 수 있는지 여부가 핵심 변수가 될것이다. 이러한 재정 확장 기조는 한국만의 현상이 아니다. 전 세계적으로 정부의 지출 확대가 확산되고 있으며, 이는 성장 동력 확보를 통해 부채 부담을 완화하려는 전략으로 해석된다. 성장률이 부채 증가 속도를 상회할 경우 부채 비율의 안정화가 가능해지기 때문에 국가별 성장력의 차이가 향후 자산 가격 차별화의 중요한 배경이 될 전망이 다. 성장 기반이 탄탄한 국가의 자산은 투자자들의 신뢰를 더 쉽게 회복할 수 있는 반면, 구조적 저성장에 머무는 국가는 상대적 선호도가 낮아질 것이다. 한국의 경우 선진국에 비해 채권 약세 압력 확대 환경에 노출될 가능성이 높다. 한국의 경우 추경 효과가 성장률 전망치 상향에 크게 기여하진 못했다. 2025년 연내 기준금리 동결 및 내년 인하 경로의 불확실성으로 인해 채권과 환율 모두 약세 흐름을 보이고 있다. 이는 기타 주요국 대비 한국의 경기 모멘텀에 대한 확신이 부족하다는 점을 반영한다. 코로나 이후 우리나라의 균형 성장률이 하락한 만큼 재정 확대의 끝에는 성장이 동반되어야 한다. 결국 명목 성장이 부채 증가 속도보다 높아질 수 있다는 신뢰 회복의 ‘확인’이 이루어져야 금융시장 내에서 통화와 채권의 평가가 개선될 수 있다. 준클리_매크로 관점에서 바라본 한국 시장.pdf",25.10.27,2025-10-27 21:57:59,2025-10-27 21:57:59,12573
경제분석,,,"[2026년 경제/FX & 채권 전망] 미묘한 신호, 거대한 ..",유안타증권,https://finance.naver.com/research/economy_read.naver?nid=12574&page=1,"Part 1. [경제 이슈 분석] 투자 패러다임의 변화와 기대 AI 투자는 전통적인 자본 축적이 아닌 내생적 성장의 경로를 보인다. 폴 로머의 이론에 따라 기술 진보가 기업과 연구자의 투자에 의해 내생적으로 결정된다는 점에서, AI 자본(데이터센터·컴퓨팅 파워·모델 투자)은 생산성뿐 아니라 장기 성장률을 높이는 요인으로 작용한다. 감가상각보다 학습효과가 큰 경우(α > δ_AI), 자본가치가 스스로 증가할 수 있음을 보여주고 있다. AI 투자는 전통적 케인즈식 승수보다 높은 생산·가치 창출 효과를 가질 가능성이 있다. IT 투자의 장기 탄력성을 분석한 Brynjolfsson & Hitt (2003)는 초기 효과는 미미하지만 5년 이후에는 구조적 생산성 개선으로 이어진다고 밝혔다. Big Tech 4사의 2025년 AI 인프라 투자 3,640억 달러에 산출 탄력성 3.5를 적용할 경우 약 1.2조 달러(미 GDP 의 5.1%)의 시장 가치가 창출되는 것으로 추정된다. 한편 후방연쇄 효과는 반도체·전력·건설 등 공급망 전반으로 확산되고 있다. IDC 자료에 따르면 Big Tech AI CAPEX 중 서버·전자장비 비중은 2,912억 달러이며, 이 중 메모리 30%가 한국에 집중돼 약 500억 달러의 직접 수익이 발생한 것으로 추정됐다. 반면 전방연쇄 효과는 산업연관표에 포착되기 어렵지만, Miller & Blair (2009)의 IT 투자 승수 2.0~2.5를 상회할 것으로 예상한다. 이는 AI 투자가 공급망 전체의 생산성 향상을 동반하며 장기 성장구조를 재편하는 데 기여함을 의미한다. 20251026212759143_0_ko.pdf",25.10.27,2025-10-27 21:57:59,2025-10-27 21:57:59,12574
경제분석,,,9월 미국 CPI: 4분기가 정점,한화투자증권,https://finance.naver.com/research/economy_read.naver?nid=12575&page=1,"예상치 하회한 물가 9월 미국 소비자물가는 전년동월대비 3.0%(전월대비 +0.3%), 근원 물가는 전년동월대비 3.0%(전월대비 +0.2%) 오르며 예상치 하회. 에너지 및 주거 제외 서비스 물가(Supercore CPI)는 전월대비 0.35% 상승 상품: YoY +1.9%, MoM +0.5%. 차량 연료(+4.0%)가 상품 물가 상승 주도. 중고차(-0.4%), IT 상품(-0.8%) 등 주요 상품 물가 오름세는 강하지 않았음. 관세 영향도 가구와 의류 등 일부 품목에만 제한적으로 반영 서비스: YoY +3.6%, MoM +0.2%. 임대료(+0.2%) 물가 상승세는 약화. 자동차 보험(-0.4%) 중심으로 교통 서비스 물가도 둔화. 다만, 의료서비스(+0.3%), 여가 서비스(+0.4%) 등은 반등. 서비스 물가는 대체로 하방 경직적인 흐름 지속 251027 Macro Review US CPI.pdf",25.10.27,2025-10-27 21:57:59,2025-10-27 21:57:59,12575
